scan_percent,A_G1_FSH_percent,ToF_G1_us,expected_ToF_us,DeltaToF_G1_us,A_G2_FSH_percent,ToF_G2_us,DeltaToF_G2_us,G1_G2_dB,GEOMETRY_GATE,COUPLING_TREND,G1_dev_dB,G2_dev_dB,G1_G2_dev_dB
0.0,23.5889835357666,48.480000000000004,48.516489139196736,-0.03648913919673191,23.5889835357666,48.480000000000004,-0.03648913919673191,0.0,PASS_TWIN_REFERENCE,COMMON_MODE_SHIFT,17.59623374473989,17.59623374473989,0.0
0.5050505050505051,19.999879837036133,48.56,48.516489139196736,0.04351086080326638,19.999879837036133,48.56,0.04351086080326638,0.0,PASS_TWIN_REFERENCE,COMMON_MODE_SHIFT,16.162596926457983,16.162596926457983,0.0
1.0101010101010102,0.0,47.82,48.516489139196736,-0.6964891391967356,0.0,47.82,-0.6964891391967356,0.0,REVIEW,COMMON_MODE_SHIFT,-249.85795080055271,-249.85795080055271,0.0
1.5151515151515151,0.0,47.82,48.516489139196736,-0.6964891391967356,0.0,47.82,-0.6964891391967356,0.0,REVIEW,COMMON_MODE_SHIFT,-249.85795080055271,-249.85795080055271,0.0
2.0202020202020203,0.0,47.82,48.516489139196736,-0.6964891391967356,0.0,47.82,-0.6964891391967356,0.0,REVIEW,COMMON_MODE_SHIFT,-249.85795080055271,-249.85795080055271,0.0
2.525252525252525,0.0,47.82,48.516489139196736,-0.6964891391967356,0.0,47.82,-0.6964891391967356,0.0,REVIEW,COMMON_MODE_SHIFT,-249.85795080055271,-249.85795080055271,0.0
3.0303030303030303,0.0,47.82,48.516489139196736,-0.6964891391967356,0.0,47.82,-0.6964891391967356,0.0,REVIEW,COMMON_MODE_SHIFT,-249.85795080055271,-249.85795080055271,0.0
3.5353535353535355,0.0,47.82,48.516489139196736,-0.6964891391967356,0.0,47.82,-0.6964891391967356,0.0,REVIEW,COMMON_MODE_SHIFT,-249.85795080055271,-249.85795080055271,0.0
4.040404040404041,0.0,47.86,48.54789807060546,-0.6878980706054634,0.0,47.86,-0.6878980706054634,0.0,REVIEW,COMMON_MODE_SHIFT,-249.85795080055271,-249.85795080055271,0.0
4.545454545454546,2.891543948724262e-10,35.64,34.946448973239804,0.693551026760197,2.891543948724262e-10,35.64,0.693551026760197,0.0,PASS_TWIN_REFERENCE,COMMON_MODE_SHIFT,-200.63535484947664,-200.63535484947664,0.0
5.05050505050505,8.400271823500447e-28,35.04,34.36192946784674,0.6780705321532565,8.400271823500447e-28,35.04,0.6780705321532565,0.0,PASS_TWIN_REFERENCE,COMMON_MODE_SHIFT,-249.85795080055271,-249.85795080055271,0.0
5.555555555555555,0.0,33.08,33.77740996245369,-0.6974099624536905,0.0,33.08,-0.6974099624536905,0.0,REVIEW,COMMON_MODE_SHIFT,-249.85795080055271,-249.85795080055271,0.0
6.0606060606060606,0.0,32.5,33.19289045706063,-0.6928904570606278,0.0,32.5,-0.6928904570606278,0.0,REVIEW,COMMON_MODE_SHIFT,-249.85795080055271,-249.85795080055271,0.0
6.565656565656566,0.0,31.92,32.60837095166757,-0.6883709516675651,0.0,31.92,-0.6883709516675651,0.0,REVIEW,COMMON_MODE_SHIFT,-249.85795080055271,-249.85795080055271,0.0
7.070707070707071,0.0,31.34,32.02385144627451,-0.6838514462745131,0.0,31.34,-0.6838514462745131,0.0,REVIEW,COMMON_MODE_SHIFT,-249.85795080055271,-249.85795080055271,0.0
7.575757575757576,0.0,30.740000000000002,31.439331940881452,-0.69933194088145,0.0,30.740000000000002,-0.69933194088145,0.0,REVIEW,COMMON_MODE_SHIFT,-249.85795080055271,-249.85795080055271,0.0
8.080808080808081,0.0,30.16,30.854812435488395,-0.6948124354883944,0.0,30.16,-0.6948124354883944,0.0,REVIEW,COMMON_MODE_SHIFT,-249.85795080055271,-249.85795080055271,0.0
8.585858585858587,0.0,29.580000000000002,30.270292930095334,-0.6902929300953318,0.0,29.580000000000002,-0.6902929300953318,0.0,REVIEW,COMMON_MODE_SHIFT,-249.85795080055271,-249.85795080055271,0.0
9.090909090909092,0.0,29.0,29.685773424702276,-0.6857734247022762,0.0,29.0,-0.6857734247022762,0.0,REVIEW,COMMON_MODE_SHIFT,-249.85795080055271,-249.85795080055271,0.0
9.595959595959595,0.0,28.42,29.10125391930922,-0.6812539193092171,0.0,28.42,-0.6812539193092171,0.0,REVIEW,COMMON_MODE_SHIFT,-249.85795080055271,-249.85795080055271,0.0
10.1010101010101,0.0,27.82,28.51673441391616,-0.6967344139161611,0.0,27.82,-0.6967344139161611,0.0,REVIEW,COMMON_MODE_SHIFT,-249.85795080055271,-249.85795080055271,0.0
10.606060606060606,0.0,27.240000000000002,27.9322149085231,-0.6922149085230984,0.0,27.240000000000002,-0.6922149085230984,0.0,REVIEW,COMMON_MODE_SHIFT,-249.85795080055271,-249.85795080055271,0.0
11.11111111111111,0.0,26.66,27.347695403130043,-0.6876954031300428,0.0,26.66,-0.6876954031300428,0.0,REVIEW,COMMON_MODE_SHIFT,-249.85795080055271,-249.85795080055271,0.0
11.616161616161616,0.0,26.080000000000002,26.763175897736986,-0.6831758977369837,0.0,26.080000000000002,-0.6831758977369837,0.0,REVIEW,COMMON_MODE_SHIFT,-249.85795080055271,-249.85795080055271,0.0
12.12121212121212,0.0,25.48,26.178656392343928,-0.6986563923439277,0.0,25.48,-0.6986563923439277,0.0,REVIEW,COMMON_MODE_SHIFT,-249.85795080055271,-249.85795080055271,0.0
12.626262626262626,0.0,24.900000000000002,25.59413688695087,-0.6941368869508686,0.0,24.900000000000002,-0.6941368869508686,0.0,REVIEW,COMMON_MODE_SHIFT,-249.85795080055271,-249.85795080055271,0.0
13.131313131313131,0.0,24.32,25.00961738155781,-0.6896173815578095,0.0,24.32,-0.6896173815578095,0.0,REVIEW,COMMON_MODE_SHIFT,-249.85795080055271,-249.85795080055271,0.0
13.636363636363637,0.0,23.740000000000002,24.42509787616475,-0.6850978761647468,0.0,23.740000000000002,-0.6850978761647468,0.0,REVIEW,COMMON_MODE_SHIFT,-249.85795080055271,-249.85795080055271,0.0
14.141414141414142,0.0,23.16,23.84057837077169,-0.6805783707716913,0.0,23.16,-0.6805783707716913,0.0,REVIEW,COMMON_MODE_SHIFT,-249.85795080055271,-249.85795080055271,0.0
14.646464646464649,0.0,22.56,23.256058865378627,-0.6960588653786282,0.0,22.56,-0.6960588653786282,0.0,REVIEW,COMMON_MODE_SHIFT,-249.85795080055271,-249.85795080055271,0.0
15.151515151515152,0.0,21.98,22.671539359985573,-0.6915393599855726,0.0,21.98,-0.6915393599855726,0.0,REVIEW,COMMON_MODE_SHIFT,-249.85795080055271,-249.85795080055271,0.0
15.656565656565656,0.0,21.400000000000002,22.087019854592516,-0.6870198545925135,0.0,21.400000000000002,-0.6870198545925135,0.0,REVIEW,COMMON_MODE_SHIFT,-249.85795080055271,-249.85795080055271,0.0
16.161616161616163,0.0,20.82,21.502500349199458,-0.6825003491994579,0.0,20.82,-0.6825003491994579,0.0,REVIEW,COMMON_MODE_SHIFT,-249.85795080055271,-249.85795080055271,0.0
16.666666666666668,0.0,20.22,20.917980843806397,-0.6979808438063984,0.0,20.22,-0.6979808438063984,0.0,REVIEW,COMMON_MODE_SHIFT,-249.85795080055271,-249.85795080055271,0.0
17.171717171717173,0.0,19.64,20.33346133841334,-0.6934613384133392,0.0,19.64,-0.6934613384133392,0.0,REVIEW,COMMON_MODE_SHIFT,-249.85795080055271,-249.85795080055271,0.0
17.67676767676768,0.0,19.06,19.748941833020282,-0.6889418330202837,0.0,19.06,-0.6889418330202837,0.0,REVIEW,COMMON_MODE_SHIFT,-249.85795080055271,-249.85795080055271,0.0
18.181818181818183,0.0,18.48,19.16442232762722,-0.684422327627221,0.0,18.48,-0.684422327627221,0.0,REVIEW,COMMON_MODE_SHIFT,-249.85795080055271,-249.85795080055271,0.0
18.68686868686869,0.0,17.88,18.579902822234164,-0.699902822234165,0.0,17.88,-0.699902822234165,0.0,REVIEW,COMMON_MODE_SHIFT,-249.85795080055271,-249.85795080055271,0.0
19.19191919191919,0.0,17.3,17.99538331684111,-0.6953833168411094,0.0,17.3,-0.6953833168411094,0.0,REVIEW,COMMON_MODE_SHIFT,-249.85795080055271,-249.85795080055271,0.0
19.696969696969692,0.0,16.72,17.410863811448053,-0.6908638114480539,0.0,16.72,-0.6908638114480539,0.0,REVIEW,COMMON_MODE_SHIFT,-249.85795080055271,-249.85795080055271,0.0
20.2020202020202,0.0,16.14,16.82634430605499,-0.6863443060549912,0.0,16.14,-0.6863443060549912,0.0,REVIEW,COMMON_MODE_SHIFT,-249.85795080055271,-249.85795080055271,0.0
20.707070707070702,0.0,15.56,16.241824800661938,-0.6818248006619374,0.0,15.56,-0.6818248006619374,0.0,REVIEW,COMMON_MODE_SHIFT,-249.85795080055271,-249.85795080055271,0.0
21.21212121212121,0.0,14.96,15.657305295268873,-0.6973052952688725,0.0,14.96,-0.6973052952688725,0.0,REVIEW,COMMON_MODE_SHIFT,-249.85795080055271,-249.85795080055271,0.0
21.71717171717172,0.0,14.38,15.072785789875812,-0.6927857898758116,0.0,14.38,-0.6927857898758116,0.0,REVIEW,COMMON_MODE_SHIFT,-249.85795080055271,-249.85795080055271,0.0
22.22222222222222,0.0,13.8,14.488266284482755,-0.6882662844827543,0.0,13.8,-0.6882662844827543,0.0,REVIEW,COMMON_MODE_SHIFT,-249.85795080055271,-249.85795080055271,0.0
22.727272727272727,0.0,13.22,13.903746779089698,-0.6837467790896969,0.0,13.22,-0.6837467790896969,0.0,REVIEW,COMMON_MODE_SHIFT,-249.85795080055271,-249.85795080055271,0.0
23.232323232323232,0.0,12.620000000000001,13.31922727369664,-0.6992272736966392,0.0,12.620000000000001,-0.6992272736966392,0.0,REVIEW,COMMON_MODE_SHIFT,-249.85795080055271,-249.85795080055271,0.0
23.737373737373737,0.0,12.040000000000001,12.73470776830358,-0.6947077683035783,0.0,12.040000000000001,-0.6947077683035783,0.0,REVIEW,COMMON_MODE_SHIFT,-249.85795080055271,-249.85795080055271,0.0
24.24242424242424,0.0,11.46,12.150188262910525,-0.6901882629105245,0.0,11.46,-0.6901882629105245,0.0,REVIEW,COMMON_MODE_SHIFT,-249.85795080055271,-249.85795080055271,0.0
24.747474747474747,0.0,10.88,11.565668757517464,-0.6856687575174636,0.0,10.88,-0.6856687575174636,0.0,REVIEW,COMMON_MODE_SHIFT,-249.85795080055271,-249.85795080055271,0.0
25.252525252525253,0.0,10.3,10.981149252124403,-0.6811492521244027,0.0,10.3,-0.6811492521244027,0.0,REVIEW,COMMON_MODE_SHIFT,-249.85795080055271,-249.85795080055271,0.0
25.75757575757576,0.0,9.700000000000001,10.396629746731342,-0.6966297467313414,0.0,9.700000000000001,-0.6966297467313414,0.0,REVIEW,COMMON_MODE_SHIFT,-249.85795080055271,-249.85795080055271,0.0
26.262626262626263,0.0,9.120000000000001,9.812110241338285,-0.692110241338284,0.0,9.120000000000001,-0.692110241338284,0.0,REVIEW,COMMON_MODE_SHIFT,-249.85795080055271,-249.85795080055271,0.0
26.767676767676768,0.0,8.540000000000001,9.227590735945228,-0.6875907359452267,0.0,8.540000000000001,-0.6875907359452267,0.0,REVIEW,COMMON_MODE_SHIFT,-249.85795080055271,-249.85795080055271,0.0
27.272727272727277,0.0,8.540000000000001,9.227590735945228,-0.6875907359452267,0.0,8.540000000000001,-0.6875907359452267,0.0,REVIEW,COMMON_MODE_SHIFT,-249.85795080055271,-249.85795080055271,0.0
27.77777777777778,0.0,8.540000000000001,9.227590735945228,-0.6875907359452267,0.0,8.540000000000001,-0.6875907359452267,0.0,REVIEW,COMMON_MODE_SHIFT,-249.85795080055271,-249.85795080055271,0.0
28.282828282828284,0.0,8.74,9.420333185290758,-0.6803331852907579,0.0,8.74,-0.6803331852907579,0.0,REVIEW,COMMON_MODE_SHIFT,-249.85795080055271,-249.85795080055271,0.0
28.78787878787879,0.0,8.74,9.423434601806829,-0.6834346018068285,0.0,8.74,-0.6834346018068285,0.0,REVIEW,COMMON_MODE_SHIFT,-249.85795080055271,-249.85795080055271,0.0
29.29292929292929,0.0,8.74,9.427012024516204,-0.6870120245162035,0.0,8.74,-0.6870120245162035,0.0,REVIEW,COMMON_MODE_SHIFT,-249.85795080055271,-249.85795080055271,0.0
29.7979797979798,0.0,8.84,9.537170923477822,-0.6971709234778221,0.0,8.84,-0.6971709234778221,0.0,REVIEW,COMMON_MODE_SHIFT,-249.85795080055271,-249.85795080055271,0.0
30.303030303030305,0.001704574329778552,9.22,9.58576672857139,-0.3657667285713888,0.001704574329778552,9.22,-0.3657667285713888,0.0,PASS_TWIN_REFERENCE,COMMON_MODE_SHIFT,-65.22563192353049,-65.22563192353049,0.0
30.80808080808081,0.0,8.94,9.635283494952448,-0.6952834949524487,0.0,8.94,-0.6952834949524487,0.0,REVIEW,COMMON_MODE_SHIFT,-249.85795080055271,-249.85795080055271,0.0
31.31313131313131,0.0,9.0,9.691846683733864,-0.6918466837338642,0.0,9.0,-0.6918466837338642,0.0,REVIEW,COMMON_MODE_SHIFT,-249.85795080055271,-249.85795080055271,0.0
31.818181818181817,0.007796783000230789,9.42,9.729429030354238,-0.30942903035423797,0.007796783000230789,9.42,-0.30942903035423797,0.0,PASS_TWIN_REFERENCE,COMMON_MODE_SHIFT,-52.01964185812666,-52.01964185812666,0.0
32.323232323232325,0.004423664417117834,9.48,9.767630690531302,-0.2876306905313015,0.004423664417117834,9.48,-0.2876306905313015,0.0,PASS_TWIN_REFERENCE,COMMON_MODE_SHIFT,-56.94230732847999,-56.94230732847999,0.0
32.82828282828283,0.005768250208348036,9.52,9.80177638144587,-0.28177638144587114,0.005768250208348036,9.52,-0.28177638144587114,0.0,PASS_TWIN_REFERENCE,COMMON_MODE_SHIFT,-54.63706899188668,-54.63706899188668,0.0
33.333333333333336,1.5657000541687012,9.56,9.832221004940024,-0.27222100494002355,1.5657000541687012,9.56,-0.27222100494002355,0.0,PASS_TWIN_REFERENCE,COMMON_MODE_SHIFT,-5.963779468543569,-5.963779468543569,0.0
33.83838383838384,1.0487862825393677,9.6,9.862969938830222,-0.26296993883022246,1.0487862825393677,9.6,-0.26296993883022246,0.0,PASS_TWIN_REFERENCE,COMMON_MODE_SHIFT,-9.444210832107022,-9.444210832107022,0.0
34.343434343434346,0.6987859010696411,9.66,9.886537802333452,-0.22653780233345167,0.6987859010696411,9.66,-0.22653780233345167,0.0,PASS_TWIN_REFERENCE,COMMON_MODE_SHIFT,-12.971068121885692,-12.971068121885692,0.0
34.84848484848485,2.225619316101074,9.700000000000001,9.912359107258306,-0.21235910725830465,2.225619316101074,9.700000000000001,-0.21235910725830465,0.0,PASS_TWIN_REFERENCE,STABLE,-2.9089331626211212,-2.9089331626211212,0.0
35.35353535353536,1.8110162019729614,9.72,9.931201681448698,-0.21120168144869744,1.8110162019729614,9.72,-0.21120168144869744,0.0,PASS_TWIN_REFERENCE,COMMON_MODE_SHIFT,-4.699504086971975,-4.699504086971975,0.0
35.85858585858586,1.817882776260376,9.78,9.94567208097348,-0.16567208097348107,1.817882776260376,9.78,-0.16567208097348107,0.0,PASS_TWIN_REFERENCE,COMMON_MODE_SHIFT,-4.666633302752912,-4.666633302752912,0.0
36.36363636363637,3.3461177349090576,9.8,9.954393226371089,-0.15439322637108788,3.3461177349090576,9.8,-0.15439322637108788,0.0,PASS_TWIN_REFERENCE,STABLE,0.6328735549381659,0.6328735549381659,0.0
36.86868686868687,2.801753520965576,9.84,9.963920280130957,-0.12392028013095668,2.801753520965576,9.84,-0.12392028013095668,0.0,PASS_TWIN_REFERENCE,STABLE,-0.9093522728705097,-0.9093522728705097,0.0
37.37373737373738,3.244579315185547,9.86,9.978658925414493,-0.11865892541449341,3.244579315185547,9.86,-0.11865892541449341,0.0,PASS_TWIN_REFERENCE,STABLE,0.3652171023763785,0.3652171023763785,0.0
37.87878787878788,4.032614231109619,9.88,9.998083582701197,-0.11808358270119612,4.032614231109619,9.88,-0.11808358270119612,0.0,PASS_TWIN_REFERENCE,STABLE,2.2537827677244957,2.2537827677244957,0.0
38.38383838383838,3.7650129795074463,9.9,10.01929636115382,-0.11929636115382003,3.7650129795074463,9.9,-0.11929636115382003,0.0,PASS_TWIN_REFERENCE,STABLE,1.6573787539731324,1.6573787539731324,0.0
38.888888888888886,3.9248344898223877,9.94,10.037760526790322,-0.09776052679032254,3.9248344898223877,9.94,-0.09776052679032254,0.0,PASS_TWIN_REFERENCE,STABLE,2.018476145034954,2.018476145034954,0.0
39.39393939393939,3.296090602874756,9.92,10.045192609439445,-0.12519260943944488,3.296090602874756,9.92,-0.12519260943944488,0.0,PASS_TWIN_REFERENCE,STABLE,0.5020320207967875,0.5020320207967875,0.0
39.898989898989896,3.682101249694824,9.94,10.050934451451305,-0.1109344514513051,3.682101249694824,9.94,-0.1109344514513051,0.0,PASS_TWIN_REFERENCE,STABLE,1.4639637289733014,1.4639637289733014,0.0
40.4040404040404,4.046670913696289,9.94,10.073658333721738,-0.13365833372173874,4.046670913696289,9.94,-0.13365833372173874,0.0,PASS_TWIN_REFERENCE,STABLE,2.2840069557888527,2.2840069557888527,0.0
40.90909090909091,4.179290771484375,9.96,10.07743457200527,-0.11743457200526919,4.179290771484375,9.96,-0.11743457200526919,0.0,PASS_TWIN_REFERENCE,STABLE,2.564100958563463,2.564100958563463,0.0
41.41414141414141,4.184165000915527,9.98,10.07776722528337,-0.0977672252833699,4.184165000915527,9.98,-0.0977672252833699,0.0,PASS_TWIN_REFERENCE,STABLE,2.574225248056968,2.574225248056968,0.0
41.91919191919192,2.9773852825164795,9.98,10.078326979889866,-0.09832697988986538,2.9773852825164795,9.98,-0.09832697988986538,0.0,PASS_TWIN_REFERENCE,STABLE,-0.3812500549197614,-0.3812500549197614,0.0
42.42424242424242,2.8913660049438477,9.98,10.078578564180882,-0.0985785641808814,2.8913660049438477,9.98,-0.0985785641808814,0.0,PASS_TWIN_REFERENCE,STABLE,-0.6358893900630718,-0.6358893900630718,0.0
42.92929292929293,3.4213314056396484,9.98,10.078786548094296,-0.09878654809429577,3.4213314056396484,9.98,-0.09878654809429577,0.0,PASS_TWIN_REFERENCE,STABLE,0.8259520784692129,0.8259520784692129,0.0
43.43434343434343,1.4375312328338623,9.98,10.080825743606924,-0.10082574360692398,1.4375312328338623,9.98,-0.10082574360692398,0.0,PASS_TWIN_REFERENCE,COMMON_MODE_SHIFT,-6.705605015405682,-6.705605015405682,0.0
43.93939393939394,1.889176607131958,9.98,10.082662160245363,-0.10266216024536234,1.889176607131958,9.98,-0.10266216024536234,0.0,PASS_TWIN_REFERENCE,COMMON_MODE_SHIFT,-4.33249961545976,-4.33249961545976,0.0
44.44444444444444,2.45829701423645,9.96,10.078479447012832,-0.11847944701283097,2.45829701423645,9.96,-0.11847944701283097,0.0,PASS_TWIN_REFERENCE,STABLE,-2.0452637270935408,-2.0452637270935408,0.0
44.94949494949495,0.2502661645412445,9.94,10.078341619216602,-0.13834161921660204,0.2502661645412445,9.94,-0.13834161921660204,0.0,PASS_TWIN_REFERENCE,COMMON_MODE_SHIFT,-21.889908043012454,-21.889908043012454,0.0
45.45454545454545,0.4092285931110382,9.92,10.065542434817278,-0.14554243481727802,0.4092285931110382,9.92,-0.14554243481727802,0.0,PASS_TWIN_REFERENCE,COMMON_MODE_SHIFT,-17.618631388874782,-17.618631388874782,0.0
45.95959595959596,0.6473997235298157,9.9,10.045801714227043,-0.14580171422704247,0.6473997235298157,9.9,-0.14580171422704247,0.0,PASS_TWIN_REFERENCE,COMMON_MODE_SHIFT,-13.634500608504966,-13.634500608504966,0.0
46.464646464646464,0.9531404376029968,9.88,10.024558942608936,-0.14455894260893487,0.9531404376029968,9.88,-0.14455894260893487,0.0,PASS_TWIN_REFERENCE,COMMON_MODE_SHIFT,-10.274812897282011,-10.274812897282011,0.0
46.96969696969697,1.319957971572876,9.86,10.015317776822297,-0.1553177768222973,1.319957971572876,9.86,-0.1553177768222973,0.0,PASS_TWIN_REFERENCE,COMMON_MODE_SHIFT,-7.446748737111035,-7.446748737111035,0.0
47.474747474747474,1.7395503520965576,9.86,10.006258100815735,-0.14625810081573576,1.7395503520965576,9.86,-0.14625810081573576,0.0,PASS_TWIN_REFERENCE,COMMON_MODE_SHIFT,-5.0492107181136925,-5.0492107181136925,0.0
47.97979797979798,0.1324005126953125,9.82,9.995783534301715,-0.1757835343017149,0.1324005126953125,9.82,-0.1757835343017149,0.0,PASS_TWIN_REFERENCE,COMMON_MODE_SHIFT,-27.420157463990588,-27.420157463990588,0.0
48.48484848484848,0.0007039647316560149,9.82,9.990656545870053,-0.1706565458700524,0.0007039647316560149,9.82,-0.1706565458700524,0.0,PASS_TWIN_REFERENCE,COMMON_MODE_SHIFT,-72.90693276631436,-72.90693276631436,0.0
48.98989898989899,0.002208450110629201,9.8,9.985806386329225,-0.18580638632922408,0.002208450110629201,9.8,-0.18580638632922408,0.0,PASS_TWIN_REFERENCE,COMMON_MODE_SHIFT,-62.97619894259407,-62.97619894259407,0.0
49.494949494949495,0.0,9.3,9.984826983787293,-0.6848269837872927,0.0,9.3,-0.6848269837872927,0.0,REVIEW,COMMON_MODE_SHIFT,-249.85795080055271,-249.85795080055271,0.0
50.0,0.0,9.26,9.951494913125947,-0.6914949131259469,0.0,9.26,-0.6914949131259469,0.0,REVIEW,COMMON_MODE_SHIFT,-249.85795080055271,-249.85795080055271,0.0
50.505050505050505,0.0,9.200000000000001,9.898772197647414,-0.698772197647413,0.0,9.200000000000001,-0.698772197647413,0.0,REVIEW,COMMON_MODE_SHIFT,-249.85795080055271,-249.85795080055271,0.0
51.01010101010101,0.0,9.200000000000001,9.887435529344108,-0.687435529344107,0.0,9.200000000000001,-0.687435529344107,0.0,REVIEW,COMMON_MODE_SHIFT,-249.85795080055271,-249.85795080055271,0.0
51.51515151515152,0.0,9.14,9.829204613676872,-0.6892046136768712,0.0,9.14,-0.6892046136768712,0.0,REVIEW,COMMON_MODE_SHIFT,-249.85795080055271,-249.85795080055271,0.0
52.02020202020202,0.0,9.120000000000001,9.804701760089266,-0.6847017600892649,0.0,9.120000000000001,-0.6847017600892649,0.0,REVIEW,COMMON_MODE_SHIFT,-249.85795080055271,-249.85795080055271,0.0
52.525252525252526,0.0,9.120000000000001,9.803828232576018,-0.6838282325760172,0.0,9.120000000000001,-0.6838282325760172,0.0,REVIEW,COMMON_MODE_SHIFT,-249.85795080055271,-249.85795080055271,0.0
53.03030303030303,0.0,9.84,10.52796130893834,-0.6879613089383394,0.0,9.84,-0.6879613089383394,0.0,REVIEW,COMMON_MODE_SHIFT,-249.85795080055271,-249.85795080055271,0.0
53.535353535353536,0.0,10.56,11.252094385300662,-0.6920943853006616,0.0,10.56,-0.6920943853006616,0.0,REVIEW,COMMON_MODE_SHIFT,-249.85795080055271,-249.85795080055271,0.0
54.04040404040404,0.0,11.28,11.976227461662983,-0.6962274616629838,0.0,11.28,-0.6962274616629838,0.0,REVIEW,COMMON_MODE_SHIFT,-249.85795080055271,-249.85795080055271,0.0
54.54545454545455,0.0,12.02,12.700360538025304,-0.6803605380253046,0.0,12.02,-0.6803605380253046,0.0,REVIEW,COMMON_MODE_SHIFT,-249.85795080055271,-249.85795080055271,0.0
55.05050505050505,0.0,12.74,13.424493614387627,-0.6844936143876268,0.0,12.74,-0.6844936143876268,0.0,REVIEW,COMMON_MODE_SHIFT,-249.85795080055271,-249.85795080055271,0.0
55.55555555555556,0.0,13.46,14.148626690749948,-0.6886266907499472,0.0,13.46,-0.6886266907499472,0.0,REVIEW,COMMON_MODE_SHIFT,-249.85795080055271,-249.85795080055271,0.0
56.06060606060606,0.0,14.18,14.87275976711227,-0.6927597671122712,0.0,14.18,-0.6927597671122712,0.0,REVIEW,COMMON_MODE_SHIFT,-249.85795080055271,-249.85795080055271,0.0
56.56565656565657,0.0,14.9,15.596892843474592,-0.6968928434745916,0.0,14.9,-0.6968928434745916,0.0,REVIEW,COMMON_MODE_SHIFT,-249.85795080055271,-249.85795080055271,0.0
57.07070707070707,0.0,15.64,16.321025919836913,-0.6810259198369124,0.0,15.64,-0.6810259198369124,0.0,REVIEW,COMMON_MODE_SHIFT,-249.85795080055271,-249.85795080055271,0.0
57.57575757575758,0.0,16.36,17.045158996199234,-0.6851589961992346,0.0,16.36,-0.6851589961992346,0.0,REVIEW,COMMON_MODE_SHIFT,-249.85795080055271,-249.85795080055271,0.0
58.08080808080808,0.0,17.080000000000002,17.769292072561555,-0.6892920725615532,0.0,17.080000000000002,-0.6892920725615532,0.0,REVIEW,COMMON_MODE_SHIFT,-249.85795080055271,-249.85795080055271,0.0
58.58585858585859,0.0,17.8,18.493425148923876,-0.6934251489238754,0.0,17.8,-0.6934251489238754,0.0,REVIEW,COMMON_MODE_SHIFT,-249.85795080055271,-249.85795080055271,0.0
59.09090909090909,0.0,18.52,19.2175582252862,-0.6975582252862012,0.0,18.52,-0.6975582252862012,0.0,REVIEW,COMMON_MODE_SHIFT,-249.85795080055271,-249.85795080055271,0.0
59.5959595959596,0.0,19.26,19.94169130164852,-0.6816913016485202,0.0,19.26,-0.6816913016485202,0.0,REVIEW,COMMON_MODE_SHIFT,-249.85795080055271,-249.85795080055271,0.0
60.1010101010101,0.0,19.98,20.665824378010832,-0.6858243780108317,0.0,19.98,-0.6858243780108317,0.0,REVIEW,COMMON_MODE_SHIFT,-249.85795080055271,-249.85795080055271,0.0
60.60606060606061,0.0,20.7,21.389957454373167,-0.6899574543731681,0.0,20.7,-0.6899574543731681,0.0,REVIEW,COMMON_MODE_SHIFT,-249.85795080055271,-249.85795080055271,0.0
61.11111111111112,0.0,21.42,22.114090530735496,-0.6940905307354939,0.0,21.42,-0.6940905307354939,0.0,REVIEW,COMMON_MODE_SHIFT,-249.85795080055271,-249.85795080055271,0.0
61.61616161616162,0.0,22.14,22.83822360709781,-0.698223607097809,0.0,22.14,-0.698223607097809,0.0,REVIEW,COMMON_MODE_SHIFT,-249.85795080055271,-249.85795080055271,0.0
62.121212121212125,0.0,22.88,23.56235668346013,-0.6823566834601316,0.0,22.88,-0.6823566834601316,0.0,REVIEW,COMMON_MODE_SHIFT,-249.85795080055271,-249.85795080055271,0.0
62.62626262626262,0.0,23.6,24.286489759822445,-0.6864897598224431,0.0,23.6,-0.6864897598224431,0.0,REVIEW,COMMON_MODE_SHIFT,-249.85795080055271,-249.85795080055271,0.0
63.13131313131313,0.0,24.32,25.010622836184766,-0.6906228361847653,0.0,24.32,-0.6906228361847653,0.0,REVIEW,COMMON_MODE_SHIFT,-249.85795080055271,-249.85795080055271,0.0
63.63636363636363,0.0,25.04,25.734755912547087,-0.6947559125470875,0.0,25.04,-0.6947559125470875,0.0,REVIEW,COMMON_MODE_SHIFT,-249.85795080055271,-249.85795080055271,0.0
64.14141414141415,0.0,25.76,26.458888988909415,-0.6988889889094132,0.0,25.76,-0.6988889889094132,0.0,REVIEW,COMMON_MODE_SHIFT,-249.85795080055271,-249.85795080055271,0.0
64.64646464646465,0.0,26.5,27.183022065271736,-0.6830220652717358,0.0,26.5,-0.6830220652717358,0.0,REVIEW,COMMON_MODE_SHIFT,-249.85795080055271,-249.85795080055271,0.0
65.15151515151516,0.0,27.22,27.907155141634064,-0.6871551416340651,0.0,27.22,-0.6871551416340651,0.0,REVIEW,COMMON_MODE_SHIFT,-249.85795080055271,-249.85795080055271,0.0
65.65656565656566,0.0,27.94,28.631288217996385,-0.6912882179963837,0.0,27.94,-0.6912882179963837,0.0,REVIEW,COMMON_MODE_SHIFT,-249.85795080055271,-249.85795080055271,0.0
66.16161616161617,0.0,28.66,29.355421294358706,-0.6954212943587059,0.0,28.66,-0.6954212943587059,0.0,REVIEW,COMMON_MODE_SHIFT,-249.85795080055271,-249.85795080055271,0.0
66.66666666666667,0.0,29.38,30.079554370721027,-0.6995543707210281,0.0,29.38,-0.6995543707210281,0.0,REVIEW,COMMON_MODE_SHIFT,-249.85795080055271,-249.85795080055271,0.0
67.17171717171718,0.0,30.12,30.803687447083348,-0.6836874470833472,0.0,30.12,-0.6836874470833472,0.0,REVIEW,COMMON_MODE_SHIFT,-249.85795080055271,-249.85795080055271,0.0
67.67676767676768,0.0,30.84,31.52782052344567,-0.6878205234456694,0.0,30.84,-0.6878205234456694,0.0,REVIEW,COMMON_MODE_SHIFT,-249.85795080055271,-249.85795080055271,0.0
68.18181818181819,0.0,31.560000000000002,32.25195359980799,-0.691953599807988,0.0,31.560000000000002,-0.691953599807988,0.0,REVIEW,COMMON_MODE_SHIFT,-249.85795080055271,-249.85795080055271,0.0
68.68686868686869,0.0,32.28,32.97608667617031,-0.6960866761703102,0.0,32.28,-0.6960866761703102,0.0,REVIEW,COMMON_MODE_SHIFT,-249.85795080055271,-249.85795080055271,0.0
69.1919191919192,0.0,33.02,33.70021975253263,-0.6802197525326292,0.0,33.02,-0.6802197525326292,0.0,REVIEW,COMMON_MODE_SHIFT,-249.85795080055271,-249.85795080055271,0.0
69.6969696969697,0.0,33.74,34.42435282889495,-0.6843528288949514,0.0,33.74,-0.6843528288949514,0.0,REVIEW,COMMON_MODE_SHIFT,-249.85795080055271,-249.85795080055271,0.0
70.20202020202021,0.0,34.46,35.148485905257274,-0.6884859052572736,0.0,34.46,-0.6884859052572736,0.0,REVIEW,COMMON_MODE_SHIFT,-249.85795080055271,-249.85795080055271,0.0
70.70707070707071,0.0,35.18,35.8726189816196,-0.6926189816196029,0.0,35.18,-0.6926189816196029,0.0,REVIEW,COMMON_MODE_SHIFT,-249.85795080055271,-249.85795080055271,0.0
71.21212121212122,6.084316991250491e-27,37.28,36.596752057981924,0.6832479420180775,6.084316991250491e-27,37.28,0.6832479420180775,0.0,PASS_TWIN_REFERENCE,COMMON_MODE_SHIFT,-249.85795080055271,-249.85795080055271,0.0
71.71717171717172,1.807946148346673e-08,38.02,37.320885134344245,0.6991148656557584,1.807946148346673e-08,38.02,0.6991148656557584,0.0,PASS_TWIN_REFERENCE,COMMON_MODE_SHIFT,-164.71424099263518,-164.71424099263518,0.0
72.22222222222223,4.575307369232178,38.72,38.045018210706566,0.6749817892934331,4.575307369232178,38.72,0.6749817892934331,0.0,PASS_TWIN_REFERENCE,COMMON_MODE_SHIFT,3.350454705321538,3.350454705321538,0.0
72.72727272727273,49.394100189208984,39.0,38.76915128706889,0.2308487129311132,49.394100189208984,39.0,0.2308487129311132,0.0,PASS_TWIN_REFERENCE,COMMON_MODE_SHIFT,24.015550765658162,24.015550765658162,0.0
73.23232323232324,69.78694915771484,39.0,39.49328436343121,-0.49328436343120785,69.78694915771484,39.0,-0.49328436343120785,0.0,PASS_TWIN_REFERENCE,COMMON_MODE_SHIFT,27.017533457431178,27.017533457431178,0.0
73.73737373737374,0.34732505679130554,39.52,40.21741743979353,-0.6974174397935258,0.34732505679130554,39.52,-0.6974174397935258,0.0,PASS_TWIN_REFERENCE,COMMON_MODE_SHIFT,-19.043228492606296,-19.043228492606296,0.0
74.24242424242425,3.680160343133565e-12,40.28,40.94155051615585,-0.6615505161558488,3.680160343133565e-12,40.28,-0.6615505161558488,0.0,PASS_TWIN_REFERENCE,COMMON_MODE_SHIFT,-238.54061597805472,-238.54061597805472,0.0
74.74747474747475,2.3231516788634303e-30,40.980000000000004,41.66568359251817,-0.685683592518167,2.3231516788634303e-30,40.980000000000004,-0.685683592518167,0.0,PASS_TWIN_REFERENCE,COMMON_MODE_SHIFT,-249.85795080055271,-249.85795080055271,0.0
75.25252525252525,1.0059254126455809e-25,42.82,42.38981666888047,0.43018333111952956,1.0059254126455809e-25,42.82,0.43018333111952956,0.0,PASS_TWIN_REFERENCE,COMMON_MODE_SHIFT,-249.85795080055271,-249.85795080055271,0.0
75.75757575757575,1.376874037440409e-23,42.52,43.11394974524279,-0.5939497452427887,1.376874037440409e-23,42.52,-0.5939497452427887,0.0,PASS_TWIN_REFERENCE,COMMON_MODE_SHIFT,-249.85795080055271,-249.85795080055271,0.0
76.26262626262626,3.806921202417112e-28,43.14,43.83808282160511,-0.6980828216051123,3.806921202417112e-28,43.14,-0.6980828216051123,0.0,PASS_TWIN_REFERENCE,COMMON_MODE_SHIFT,-249.85795080055271,-249.85795080055271,0.0
76.76767676767676,0.0,43.88,44.56221589796744,-0.6822158979674384,0.0,43.88,-0.6822158979674384,0.0,REVIEW,COMMON_MODE_SHIFT,-249.85795080055271,-249.85795080055271,0.0
77.27272727272727,0.0,44.6,45.28634897432976,-0.6863489743297606,0.0,44.6,-0.6863489743297606,0.0,REVIEW,COMMON_MODE_SHIFT,-249.85795080055271,-249.85795080055271,0.0
77.77777777777777,0.0,45.32,46.01048205069208,-0.6904820506920828,0.0,45.32,-0.6904820506920828,0.0,REVIEW,COMMON_MODE_SHIFT,-249.85795080055271,-249.85795080055271,0.0
78.28282828282828,0.0,46.04,46.734615127054404,-0.694615127054405,0.0,46.04,-0.694615127054405,0.0,REVIEW,COMMON_MODE_SHIFT,-249.85795080055271,-249.85795080055271,0.0
78.78787878787878,0.0,46.76,47.458748203416725,-0.6987482034167272,0.0,46.76,-0.6987482034167272,0.0,REVIEW,COMMON_MODE_SHIFT,-249.85795080055271,-249.85795080055271,0.0
79.29292929292929,0.0,46.78,47.4660660633174,-0.6860660633173978,0.0,46.78,-0.6860660633173978,0.0,REVIEW,COMMON_MODE_SHIFT,-249.85795080055271,-249.85795080055271,0.0
79.79797979797979,0.0,46.78,47.4660660633174,-0.6860660633173978,0.0,46.78,-0.6860660633173978,0.0,REVIEW,COMMON_MODE_SHIFT,-249.85795080055271,-249.85795080055271,0.0
80.3030303030303,0.0,46.78,47.464731839490085,-0.6847318394900839,0.0,46.78,-0.6847318394900839,0.0,REVIEW,COMMON_MODE_SHIFT,-249.85795080055271,-249.85795080055271,0.0
80.8080808080808,0.0,46.78,47.46037059593584,-0.680370595935841,0.0,46.78,-0.680370595935841,0.0,REVIEW,COMMON_MODE_SHIFT,-249.85795080055271,-249.85795080055271,0.0
81.31313131313131,0.0,46.76,47.45687622826844,-0.6968762282684438,0.0,46.76,-0.6968762282684438,0.0,REVIEW,COMMON_MODE_SHIFT,-249.85795080055271,-249.85795080055271,0.0
81.81818181818181,0.0,46.76,47.45721271016488,-0.6972127101648837,0.0,46.76,-0.6972127101648837,0.0,REVIEW,COMMON_MODE_SHIFT,-249.85795080055271,-249.85795080055271,0.0
82.32323232323232,38.02618408203125,47.46,47.46037059593584,-0.00037059593584132244,38.02618408203125,47.46,-0.00037059593584132244,0.0,PASS_TWIN_REFERENCE,COMMON_MODE_SHIFT,21.743704124578286,21.743704124578286,0.0
82.82828282828282,43.16670227050781,47.480000000000004,47.46102269656258,0.018977303437424098,43.16670227050781,47.480000000000004,0.018977303437424098,0.0,PASS_TWIN_REFERENCE,COMMON_MODE_SHIFT,22.845026637513115,22.845026637513115,0.0
83.33333333333333,44.037841796875,47.480000000000004,47.460123058572975,0.019876941427028783,44.037841796875,47.480000000000004,0.019876941427028783,0.0,PASS_TWIN_REFERENCE,COMMON_MODE_SHIFT,23.0185697384683,23.0185697384683,0.0
83.83838383838383,35.34526443481445,47.46,47.46053258921725,-0.0005325892172507452,35.34526443481445,47.46,-0.0005325892172507452,0.0,PASS_TWIN_REFERENCE,COMMON_MODE_SHIFT,21.10867390292801,21.10867390292801,0.0
84.34343434343434,35.953758239746094,47.46,47.46083552681647,-0.0008355268164663698,35.953758239746094,47.46,-0.0008355268164663698,0.0,PASS_TWIN_REFERENCE,COMMON_MODE_SHIFT,21.256935075730468,21.256935075730468,0.0
84.84848484848484,37.52021408081055,47.46,47.46158989908506,-0.0015898990850615746,37.52021408081055,47.46,-0.0015898990850615746,0.0,PASS_TWIN_REFERENCE,COMMON_MODE_SHIFT,21.62735535320905,21.62735535320905,0.0
85.35353535353535,38.48695755004883,47.46,47.462970395444565,-0.002970395444563678,38.48695755004883,47.46,-0.002970395444563678,0.0,PASS_TWIN_REFERENCE,COMMON_MODE_SHIFT,21.848320816272842,21.848320816272842,0.0
85.85858585858585,38.66272735595703,47.46,47.46389187351095,-0.003891873510951882,38.66272735595703,47.46,-0.003891873510951882,0.0,PASS_TWIN_REFERENCE,COMMON_MODE_SHIFT,21.887898937148726,21.887898937148726,0.0
86.36363636363636,42.85601806640625,47.46,47.468108455495035,-0.008108455495033695,42.85601806640625,47.46,-0.008108455495033695,0.0,PASS_TWIN_REFERENCE,COMMON_MODE_SHIFT,22.78228552837245,22.78228552837245,0.0
86.86868686868686,41.05011749267578,47.44,47.476028494060245,-0.036028494060246885,41.05011749267578,47.44,-0.036028494060246885,0.0,PASS_TWIN_REFERENCE,COMMON_MODE_SHIFT,22.408337289140007,22.408337289140007,0.0
87.37373737373737,36.37693786621094,52.14,52.01035284544501,0.12964715455498776,36.37693786621094,52.14,0.12964715455498776,0.0,PASS_TWIN_REFERENCE,COMMON_MODE_SHIFT,21.358571964926412,21.358571964926412,0.0
87.87878787878788,36.61182403564453,52.14,52.023904106668525,0.11609589333147596,36.61182403564453,52.14,0.11609589333147596,0.0,PASS_TWIN_REFERENCE,COMMON_MODE_SHIFT,21.41447652708149,21.41447652708149,0.0
88.38383838383838,33.3154411315918,52.120000000000005,52.03857406123605,0.08142593876395665,33.3154411315918,52.120000000000005,0.08142593876395665,0.0,PASS_TWIN_REFERENCE,COMMON_MODE_SHIFT,20.594960562635123,20.594960562635123,0.0
88.88888888888889,30.878131866455078,52.1,52.05369862761183,0.04630137238817156,30.878131866455078,52.1,0.04630137238817156,0.0,PASS_TWIN_REFERENCE,COMMON_MODE_SHIFT,19.9350695504466,19.9350695504466,0.0
89.39393939393939,30.844791412353516,52.08,52.05782146145712,0.022178538542881654,30.844791412353516,52.08,0.022178538542881654,0.0,PASS_TWIN_REFERENCE,COMMON_MODE_SHIFT,19.92568595298909,19.92568595298909,0.0
89.8989898989899,32.10239028930664,52.06,52.05135721155676,0.008642788443239624,32.10239028930664,52.06,0.008642788443239624,0.0,PASS_TWIN_REFERENCE,COMMON_MODE_SHIFT,20.272796608172673,20.272796608172673,0.0
90.4040404040404,33.7368278503418,52.04,52.04957785642508,-0.009577856425082132,33.7368278503418,52.04,-0.009577856425082132,0.0,PASS_TWIN_REFERENCE,COMMON_MODE_SHIFT,20.70413410069325,20.70413410069325,0.0
90.9090909090909,34.487083435058594,52.02,52.05275906454699,-0.03275906454698685,34.487083435058594,52.02,-0.03275906454698685,0.0,PASS_TWIN_REFERENCE,COMMON_MODE_SHIFT,20.895178554108085,20.895178554108085,0.0
91.4141414141414,28.866010665893555,52.0,52.05158835651946,-0.05158835651945992,28.866010665893555,52.0,-0.05158835651945992,0.0,PASS_TWIN_REFERENCE,COMMON_MODE_SHIFT,19.349784554578935,19.349784554578935,0.0
91.91919191919192,0.0,51.36,52.05135721155676,-0.6913572115567632,0.0,51.36,-0.6913572115567632,0.0,REVIEW,COMMON_MODE_SHIFT,-249.85795080055271,-249.85795080055271,0.0
92.42424242424242,0.0,51.36,52.05135721155676,-0.6913572115567632,0.0,51.36,-0.6913572115567632,0.0,REVIEW,COMMON_MODE_SHIFT,-249.85795080055271,-249.85795080055271,0.0
92.92929292929291,0.0,51.36,52.04998264411967,-0.6899826441196737,0.0,51.36,-0.6899826441196737,0.0,REVIEW,COMMON_MODE_SHIFT,-249.85795080055271,-249.85795080055271,0.0
93.43434343434345,0.0,51.36,52.05158835651946,-0.6915883565194605,0.0,51.36,-0.6915883565194605,0.0,REVIEW,COMMON_MODE_SHIFT,-249.85795080055271,-249.85795080055271,0.0
93.93939393939394,0.0,51.36,52.04917306873049,-0.68917306873049,0.0,51.36,-0.68917306873049,0.0,REVIEW,COMMON_MODE_SHIFT,-249.85795080055271,-249.85795080055271,0.0
94.44444444444444,0.0,51.36,52.04844084317229,-0.6884408431722875,0.0,51.36,-0.6884408431722875,0.0,REVIEW,COMMON_MODE_SHIFT,-249.85795080055271,-249.85795080055271,0.0
94.94949494949496,0.0,56.42,57.11109186120805,-0.6910918612080508,0.0,56.42,-0.6910918612080508,0.0,REVIEW,COMMON_MODE_SHIFT,-249.85795080055271,-249.85795080055271,0.0
95.45454545454544,0.0,56.44,57.1281279540112,-0.6881279540112004,0.0,56.44,-0.6881279540112004,0.0,REVIEW,COMMON_MODE_SHIFT,-249.85795080055271,-249.85795080055271,0.0
95.95959595959596,0.0,56.42,57.11893203606975,-0.6989320360697491,0.0,56.42,-0.6989320360697491,0.0,REVIEW,COMMON_MODE_SHIFT,-249.85795080055271,-249.85795080055271,0.0
96.46464646464646,0.0,56.42,57.11893203606975,-0.6989320360697491,0.0,56.42,-0.6989320360697491,0.0,REVIEW,COMMON_MODE_SHIFT,-249.85795080055271,-249.85795080055271,0.0
96.96969696969695,0.0,56.42,57.11893203606975,-0.6989320360697491,0.0,56.42,-0.6989320360697491,0.0,REVIEW,COMMON_MODE_SHIFT,-249.85795080055271,-249.85795080055271,0.0
97.47474747474747,0.0,56.42,57.11893203606975,-0.6989320360697491,0.0,56.42,-0.6989320360697491,0.0,REVIEW,COMMON_MODE_SHIFT,-249.85795080055271,-249.85795080055271,0.0
97.97979797979798,0.0,56.42,57.11893203606975,-0.6989320360697491,0.0,56.42,-0.6989320360697491,0.0,REVIEW,COMMON_MODE_SHIFT,-249.85795080055271,-249.85795080055271,0.0
98.48484848484848,0.0,56.42,57.11893203606975,-0.6989320360697491,0.0,56.42,-0.6989320360697491,0.0,REVIEW,COMMON_MODE_SHIFT,-249.85795080055271,-249.85795080055271,0.0
98.989898989899,0.0,56.42,57.11893203606975,-0.6989320360697491,0.0,56.42,-0.6989320360697491,0.0,REVIEW,COMMON_MODE_SHIFT,-249.85795080055271,-249.85795080055271,0.0
99.4949494949495,0.0,56.42,57.11893203606975,-0.6989320360697491,0.0,56.42,-0.6989320360697491,0.0,REVIEW,COMMON_MODE_SHIFT,-249.85795080055271,-249.85795080055271,0.0
100.0,0.0,56.42,57.11893203606975,-0.6989320360697491,0.0,56.42,-0.6989320360697491,0.0,REVIEW,COMMON_MODE_SHIFT,-249.85795080055271,-249.85795080055271,0.0
