encoder_index;s_mm;station_plane_residual_mm;status
78;116.33995090577072;1.2595864929402172;OUTSIDE_C2_STATION_COURSE
79;117.83148873789598;2.7494737131160125;OUTSIDE_C2_STATION_COURSE
80;119.32302657002126;4.24031125250286;OUTSIDE_C2_STATION_COURSE
81;120.8145644021465;5.7316190021341775;OUTSIDE_C2_STATION_COURSE
82;122.30610223427178;7.222914948599655;OUTSIDE_C2_STATION_COURSE
83;123.79764006639704;8.713721447282134;OUTSIDE_C2_STATION_COURSE
84;125.2891778985223;10.20357110287942;OUTSIDE_C2_STATION_COURSE
85;126.78071573064756;11.692012113959642;OUTSIDE_C2_STATION_COURSE
86;128.27225356277285;13.17861296416621;OUTSIDE_C2_STATION_COURSE
87;129.7637913948981;14.662966370089793;OUTSIDE_C2_STATION_COURSE
88;131.25532922702337;16.144692426105387;OUTSIDE_C2_STATION_COURSE
89;132.74686705914863;17.62344092037057;OUTSIDE_C2_STATION_COURSE
90;134.23840489127392;19.098892821098865;OUTSIDE_C2_STATION_COURSE
91;135.72994272339915;20.570760951285173;OUTSIDE_C2_STATION_COURSE
92;137.22148055552444;22.03878989145931;OUTSIDE_C2_STATION_COURSE
93;138.7130183876497;23.502755166239034;OUTSIDE_C2_STATION_COURSE
94;140.20455621977496;24.962461781678527;OUTSIDE_C2_STATION_COURSE
95;141.69609405190022;26.417742188225326;OUTSIDE_C2_STATION_COURSE
96;143.1876318840255;27.868453757717226;OUTSIDE_C2_STATION_COURSE
97;144.67916971615077;29.314475867107184;OUTSIDE_C2_STATION_COURSE
98;146.17070754827603;30.75570665091299;OUTSIDE_C2_STATION_COURSE
99;147.6622453804013;32.192059485729345;OUTSIDE_C2_STATION_COURSE
100;149.15378321252658;33.6234592708185;OUTSIDE_C2_STATION_COURSE
101;150.6453210446518;35.049838571975506;OUTSIDE_C2_STATION_COURSE
102;152.1368588767771;36.47113367628831;OUTSIDE_C2_STATION_COURSE
103;153.62839670890236;37.887280623790076;OUTSIDE_C2_STATION_COURSE
104;155.11993454102762;39.298211242582525;OUTSIDE_C2_STATION_COURSE
105;156.61147237315288;40.703849261198464;OUTSIDE_C2_STATION_COURSE
106;158.10301020527814;42.10410658144029;OUTSIDE_C2_STATION_COURSE
107;159.5945480374034;43.49887978213942;OUTSIDE_C2_STATION_COURSE
108;161.0860858695287;44.8880469254522;OUTSIDE_C2_STATION_COURSE
109;162.57762370165395;46.271464741121086;OUTSIDE_C2_STATION_COURSE
110;164.0691615337792;47.64896626987345;OUTSIDE_C2_STATION_COURSE
111;165.56069936590447;49.020359075304654;OUTSIDE_C2_STATION_COURSE
112;167.05223719802973;50.385424115756706;OUTSIDE_C2_STATION_COURSE
113;168.54377503015502;51.74391526119712;OUTSIDE_C2_STATION_COURSE
114;170.03531286228025;53.09555948426956;OUTSIDE_C2_STATION_COURSE
115;171.52685069440554;54.440057769265614;OUTSIDE_C2_STATION_COURSE
116;173.0183885265308;55.77708677058057;OUTSIDE_C2_STATION_COURSE
117;174.50992635865606;57.10630123331514;OUTSIDE_C2_STATION_COURSE
118;176.00146419078132;58.42733716221953;OUTSIDE_C2_STATION_COURSE
119;177.49300202290658;59.739815625585;OUTSIDE_C2_STATION_COURSE
120;178.98453985503187;61.04334693203541;OUTSIDE_C2_STATION_COURSE
121;180.4760776871571;62.33753499660266;OUTSIDE_C2_STATION_COURSE
122;181.9676155192824;63.62198179006447;OUTSIDE_C2_STATION_COURSE
123;183.45915335140768;64.89629176996885;OUTSIDE_C2_STATION_COURSE
124;184.9506911835329;66.16007619357055;OUTSIDE_C2_STATION_COURSE
125;186.4422290156582;67.41295721952544;OUTSIDE_C2_STATION_COURSE
126;187.9337668477835;68.6545717407833;OUTSIDE_C2_STATION_COURSE
127;189.42530467990872;69.88457493080361;OUTSIDE_C2_STATION_COURSE
128;190.916842512034;71.10264342545429;OUTSIDE_C2_STATION_COURSE
129;192.40838034415927;72.30847807136358;OUTSIDE_C2_STATION_COURSE
130;193.89991817628453;73.50180620213659;OUTSIDE_C2_STATION_COURSE
131;195.3914560084098;74.68238342069034;OUTSIDE_C2_STATION_COURSE
132;196.88299384053505;75.8499948818189;OUTSIDE_C2_STATION_COURSE
133;198.37453167266037;77.00445608192848;OUTSIDE_C2_STATION_COURSE
134;199.8660695047856;78.14561317599171;OUTSIDE_C2_STATION_COURSE
135;201.3576073369109;79.27334283205887;OUTSIDE_C2_STATION_COURSE
136;202.8491451690361;80.38755169304189;OUTSIDE_C2_STATION_COURSE
137;204.34068300116135;81.48817548645387;OUTSIDE_C2_STATION_COURSE
138;205.83222083328664;82.57517784010818;OUTSIDE_C2_STATION_COURSE
139;207.3237586654119;83.6485488574354;OUTSIDE_C2_STATION_COURSE
140;208.8152964975372;84.70830350578315;OUTSIDE_C2_STATION_COURSE
141;210.3068343296624;85.75447986894508;OUTSIDE_C2_STATION_COURSE
142;211.7983721617877;86.78713732159912;OUTSIDE_C2_STATION_COURSE
143;213.28990999391297;87.80635467975908;OUTSIDE_C2_STATION_COURSE
144;214.78144782603823;88.81222834617883;OUTSIDE_C2_STATION_COURSE
145;216.2729856581635;89.80487047323493;OUTSIDE_C2_STATION_COURSE
146;217.7645234902888;90.7844071682804;OUTSIDE_C2_STATION_COURSE
147;219.256061322414;91.75097676187971;OUTSIDE_C2_STATION_COURSE
148;220.74759915453933;92.7047281547824;OUTSIDE_C2_STATION_COURSE
149;222.23913698666456;93.64581925535298;OUTSIDE_C2_STATION_COURSE
150;223.73067481878985;94.57441551563373;OUTSIDE_C2_STATION_COURSE
151;225.22221265091508;95.4906885714148;OUTSIDE_C2_STATION_COURSE
152;226.7137504830404;96.39481498856125;OUTSIDE_C2_STATION_COURSE
153;228.2052883151657;97.28697511505229;OUTSIDE_C2_STATION_COURSE
154;229.6968261472909;98.16735203694864;OUTSIDE_C2_STATION_COURSE
155;231.18836397941615;99.03613063523157;OUTSIDE_C2_STATION_COURSE
156;232.67990181154144;99.89349673937429;OUTSIDE_C2_STATION_COURSE
157;234.1714396436667;100.7396363727656;OUTSIDE_C2_STATION_COURSE
158;235.662977475792;101.57473508455733;OUTSIDE_C2_STATION_COURSE
