-123.810000;161.250000;-51.800000
-122.740000;162.070000;-51.800000
-121.660000;162.880000;-51.800000
-120.570000;163.680000;-51.800000
-119.480000;164.480000;-51.800000
-118.390000;165.270000;-51.800000
-117.290000;166.060000;-51.800000
-116.180000;166.830000;-51.800000
-115.070000;167.600000;-51.800000
-113.950000;168.360000;-51.800000
-112.830000;169.120000;-51.800000
-111.700000;169.860000;-51.800000
-110.570000;170.600000;-51.800000
-109.430000;171.330000;-51.800000
-108.290000;172.060000;-51.800000
-107.150000;172.770000;-51.800000
-106.000000;173.480000;-51.800000
-104.840000;174.180000;-51.800000
-103.680000;174.880000;-51.800000
-102.520000;175.560000;-51.800000
-101.350000;176.240000;-51.800000
-100.170000;176.910000;-51.800000
-98.990000;177.570000;-51.800000
-97.810000;178.220000;-51.800000
-96.620000;178.870000;-51.800000
-95.430000;179.510000;-51.800000
-94.240000;180.140000;-51.800000
-93.040000;180.760000;-51.800000
-91.830000;181.380000;-51.800000
-90.630000;181.980000;-51.800000
-89.410000;182.580000;-51.800000
-88.200000;183.170000;-51.800000
-86.980000;183.750000;-51.800000
-85.760000;184.330000;-51.800000
-84.530000;184.890000;-51.800000
-83.300000;185.450000;-51.800000
-82.060000;186.000000;-51.800000
-80.820000;186.540000;-51.800000
-79.580000;187.080000;-51.800000
-78.340000;187.600000;-51.800000
-77.090000;188.120000;-51.800000
-75.840000;188.630000;-51.800000
-74.580000;189.130000;-51.800000
-73.320000;189.620000;-51.800000
-72.060000;190.100000;-51.800000
-70.790000;190.580000;-51.800000
-69.520000;191.040000;-51.800000
-68.250000;191.500000;-51.800000
-66.980000;191.950000;-51.800000
-65.700000;192.390000;-51.800000
-64.420000;192.820000;-51.800000
-63.140000;193.250000;-51.800000
-61.850000;193.660000;-51.800000
-60.560000;194.070000;-51.800000
-59.270000;194.470000;-51.800000
-57.980000;194.860000;-51.800000
-56.680000;195.240000;-51.800000
-55.380000;195.610000;-51.800000
-54.080000;195.980000;-51.800000
-52.770000;196.330000;-51.800000
-51.470000;196.680000;-51.800000
-50.160000;197.010000;-51.800000
-48.850000;197.340000;-51.800000
-47.540000;197.660000;-51.800000
-46.220000;197.980000;-51.800000
-44.900000;198.280000;-51.800000
-43.580000;198.570000;-51.800000
-42.260000;198.860000;-51.800000
-40.940000;199.140000;-51.800000
-39.620000;199.400000;-51.800000
-38.290000;199.660000;-51.800000
-36.960000;199.910000;-51.800000
-35.630000;200.150000;-51.800000
-34.300000;200.390000;-51.800000
-32.970000;200.610000;-51.800000
-31.630000;200.820000;-51.800000
-30.300000;201.030000;-51.800000
-28.960000;201.230000;-51.800000
-27.620000;201.410000;-51.800000
-26.280000;201.590000;-51.800000
-24.940000;201.760000;-51.800000
-23.600000;201.930000;-51.800000
-22.260000;202.080000;-51.800000
-20.910000;202.220000;-51.800000
-19.570000;202.360000;-51.800000
-18.220000;202.480000;-51.800000
-16.870000;202.600000;-51.800000
-15.530000;202.710000;-51.800000
-14.180000;202.800000;-51.800000
-12.830000;202.890000;-51.800000
-11.480000;202.980000;-51.800000
-10.130000;203.050000;-51.800000
-8.780000;203.110000;-51.800000
-7.430000;203.160000;-51.800000
-6.080000;203.210000;-51.800000
-4.730000;203.240000;-51.800000
-3.380000;203.270000;-51.800000
-2.030000;203.290000;-51.800000
-0.680000;203.300000;-51.800000
0.680000;203.300000;-51.800000
2.030000;203.290000;-51.800000
3.380000;203.270000;-51.800000
4.730000;203.240000;-51.800000
6.080000;203.210000;-51.800000
7.430000;203.160000;-51.800000
8.780000;203.110000;-51.800000
10.130000;203.050000;-51.800000
11.480000;202.980000;-51.800000
12.830000;202.890000;-51.800000
14.180000;202.800000;-51.800000
15.530000;202.710000;-51.800000
16.870000;202.600000;-51.800000
18.220000;202.480000;-51.800000
19.570000;202.360000;-51.800000
20.910000;202.220000;-51.800000
22.260000;202.080000;-51.800000
23.600000;201.930000;-51.800000
24.940000;201.760000;-51.800000
26.280000;201.590000;-51.800000
27.620000;201.410000;-51.800000
28.960000;201.230000;-51.800000
30.300000;201.030000;-51.800000
31.630000;200.820000;-51.800000
32.970000;200.610000;-51.800000
34.300000;200.390000;-51.800000
35.630000;200.150000;-51.800000
36.960000;199.910000;-51.800000
38.290000;199.660000;-51.800000
39.620000;199.400000;-51.800000
40.940000;199.140000;-51.800000
42.260000;198.860000;-51.800000
43.580000;198.570000;-51.800000
44.900000;198.280000;-51.800000
46.220000;197.980000;-51.800000
47.540000;197.660000;-51.800000
48.850000;197.340000;-51.800000
50.160000;197.010000;-51.800000
51.470000;196.680000;-51.800000
52.770000;196.330000;-51.800000
54.080000;195.980000;-51.800000
55.380000;195.610000;-51.800000
56.680000;195.240000;-51.800000
57.980000;194.860000;-51.800000
59.270000;194.470000;-51.800000
60.560000;194.070000;-51.800000
61.850000;193.660000;-51.800000
63.140000;193.250000;-51.800000
64.420000;192.820000;-51.800000
65.700000;192.390000;-51.800000
66.980000;191.950000;-51.800000
68.250000;191.500000;-51.800000
69.520000;191.040000;-51.800000
70.790000;190.580000;-51.800000
72.060000;190.100000;-51.800000
73.320000;189.620000;-51.800000
74.580000;189.130000;-51.800000
75.840000;188.630000;-51.800000
77.090000;188.120000;-51.800000
78.340000;187.600000;-51.800000
79.580000;187.080000;-51.800000
80.820000;186.540000;-51.800000
82.060000;186.000000;-51.800000
83.300000;185.450000;-51.800000
84.530000;184.890000;-51.800000
85.760000;184.330000;-51.800000
86.980000;183.750000;-51.800000
88.200000;183.170000;-51.800000
89.410000;182.580000;-51.800000
90.630000;181.980000;-51.800000
91.830000;181.380000;-51.800000
93.040000;180.760000;-51.800000
94.240000;180.140000;-51.800000
95.430000;179.510000;-51.800000
96.620000;178.870000;-51.800000
97.810000;178.220000;-51.800000
98.990000;177.570000;-51.800000
100.170000;176.910000;-51.800000
101.350000;176.240000;-51.800000
102.520000;175.560000;-51.800000
103.680000;174.880000;-51.800000
104.840000;174.180000;-51.800000
106.000000;173.480000;-51.800000
107.150000;172.770000;-51.800000
108.290000;172.060000;-51.800000
109.430000;171.330000;-51.800000
110.570000;170.600000;-51.800000
111.700000;169.860000;-51.800000
112.830000;169.120000;-51.800000
113.950000;168.360000;-51.800000
115.070000;167.600000;-51.800000
116.180000;166.830000;-51.800000
117.290000;166.060000;-51.800000
118.390000;165.270000;-51.800000
119.480000;164.480000;-51.800000
120.570000;163.680000;-51.800000
121.660000;162.880000;-51.800000
122.740000;162.070000;-51.800000
123.810000;161.250000;-51.800000
124.880000;160.420000;-51.800000
