-125.0752140535;162.8978133117;-27.1600000000
-124.7075652214;163.1794408889;-27.1600000000
-123.9698310443;163.7406111602;-27.1600000000
-122.8686723493;164.5685149333;-27.1600000000
-121.7609912164;165.3897450577;-27.1600000000
-120.6487566810;166.2028407206;-27.1600000000
-119.5305560887;167.0088408240;-27.1600000000
-118.4071857497;167.8071664593;-27.1600000000
-117.2772903888;168.5987660432;-27.1600000000
-116.1422041491;169.3826885122;-27.1600000000
-115.0012269184;170.1594092594;-27.1600000000
-113.8551951914;170.9283513060;-27.1600000000
-112.7047204948;171.6891165172;-27.1600000000
-111.5489835336;172.4422541748;-27.1600000000
-110.3877834848;173.1878864400;-27.1600000000
-109.2236307759;173.9244239099;-27.1600000000
-108.0550309500;174.6528472103;-27.1600000000
-106.8807201639;175.3739387979;-27.1600000000
-105.6991018215;176.0886328710;-27.1600000000
-104.5144657118;176.7943245956;-27.1600000000
-103.3253583903;177.4919070430;-27.1600000000
-102.1306534236;178.1820315955;-27.1600000000
-100.9299806248;178.8648813024;-27.1600000000
-99.7262136849;179.5388232565;-27.1600000000
-98.5182234031;180.2045127342;-27.1600000000
-97.3060374082;180.8619413701;-27.1600000000
-96.0900428184;181.5109099294;-27.1600000000
-94.8702100988;182.1514479439;-27.1600000000
-93.6446676062;182.7845260988;-27.1600000000
-92.4151732071;183.4092214512;-27.1600000000
-91.1808117518;184.0259936002;-27.1600000000
-89.9443386122;184.6334820770;-27.1600000000
-88.7027068629;185.2331950473;-27.1600000000
-87.4583839772;185.8239430869;-27.1600000000
-86.2089690318;186.4068679280;-27.1600000000
-84.9549265062;186.9817296277;-27.1600000000
-83.6957839204;187.5487203534;-27.1600000000
-82.4325251306;188.1073777204;-27.1600000000
-81.1667828552;188.6569906290;-27.1600000000
-79.8995153609;189.1971833758;-27.1600000000
-78.6287014361;189.7288435181;-27.1600000000
-77.3534128264;190.2523489378;-27.1600000000
-76.0728450334;190.7679978423;-27.1600000000
-74.7894278089;191.2747977133;-27.1600000000
-73.5026429541;191.7729601143;-27.1600000000
-72.2123298268;192.2625449047;-27.1600000000
-70.9186024740;192.7435046257;-27.1600000000
-69.6228130816;193.2153478657;-27.1600000000
-68.3251985105;193.6780163073;-27.1600000000
-67.0241072798;194.1321091308;-27.1600000000
-65.7196103113;194.5775926791;-27.1600000000
-64.4116781126;195.0144673478;-27.1600000000
-63.1002738381;195.4427337964;-27.1600000000
-61.7854626823;195.8623581840;-27.1600000000
-60.4688469541;196.2728338316;-27.1600000000
-59.1502545696;196.6742335351;-27.1600000000
-57.8286866545;197.0668661954;-27.1600000000
-56.5036326568;197.4508704687;-27.1600000000
-55.1751773899;197.8262028960;-27.1600000000
-53.8450567857;198.1923727392;-27.1600000000
-52.5133616728;198.5493731999;-27.1600000000
-51.1803941322;198.8971442950;-27.1600000000
-49.8452992483;199.2359227024;-27.1600000000
-48.5061408072;199.5661821458;-27.1600000000
-47.1633569502;199.8877798002;-27.1600000000
-45.8174634912;200.2005664115;-27.1600000000
-44.4706342776;200.5040384611;-27.1600000000
-43.1235296501;200.7980775375;-27.1600000000
-41.7763208331;201.0826839136;-27.1600000000
-40.4270585080;201.3582868735;-27.1600000000
-39.0746709186;201.6250898198;-27.1600000000
-37.7186418428;201.8831612834;-27.1600000000
-36.3612158000;202.1320576697;-27.1600000000
-35.0038148443;202.3715387563;-27.1600000000
-33.6440632093;202.6020329686;-27.1600000000
-32.2836488205;202.8232550056;-27.1600000000
-30.9204798224;203.0355404352;-27.1600000000
-29.5564444498;203.2385872410;-27.1600000000
-28.1900007979;203.4326193295;-27.1600000000
-26.8229188418;203.6173808324;-27.1600000000
-25.4552491228;203.7928778057;-27.1600000000
-24.0876007965;203.9590504001;-27.1600000000
-22.7172427005;204.1162258037;-27.1600000000
-21.3464851139;204.2641288272;-27.1600000000
-19.9729640429;204.4030025699;-27.1600000000
-18.5987065382;204.5326254351;-27.1600000000
-17.2245492249;204.6529297524;-27.1600000000
-15.8503803716;204.7639426128;-27.1600000000
-14.4763433706;204.8656687561;-27.1600000000
-13.0991417364;204.9583353709;-27.1600000000
-11.7214369216;205.0417388454;-27.1600000000
-10.3437263688;205.1158552552;-27.1600000000
-8.9662538676;205.1806838955;-27.1600000000
-7.5887149451;205.2362496191;-27.1600000000
-6.2111556601;205.2825572172;-27.1600000000
-4.8335295369;205.3196136380;-27.1600000000
-3.4559606937;205.3474204560;-27.1600000000
-2.0783213075;205.3659838746;-27.1600000000
-0.6973999280;205.3753159111;-27.1600000000
0.6835897998;205.3753623423;-27.1600000000
2.0645443608;205.3661228363;-27.1600000000
3.4421842267;205.3476518492;-27.1600000000
4.8197521752;205.3199375151;-27.1600000000
6.1973787429;205.2829735973;-27.1600000000
7.5749379367;205.2367585680;-27.1600000000
8.9524775695;205.1812854468;-27.1600000000
10.3299472749;205.1165496530;-27.1600000000
11.7076575540;205.0425260936;-27.1600000000
13.0853633954;204.9592154968;-27.1600000000
14.4626006330;204.8666393906;-27.1600000000
15.8366359115;204.7650060808;-27.1600000000
17.2108049972;204.6540860662;-27.1600000000
18.5849605874;204.5338749259;-27.1600000000
19.9592203346;204.4043450514;-27.1600000000
21.3327747033;204.2655611593;-27.1600000000
22.7035297154;204.1177515326;-27.1600000000
24.0739212739;203.9606654891;-27.1600000000
25.4415673997;203.7945862885;-27.1600000000
26.8092445441;203.6191817075;-27.1600000000
28.1763258877;203.4345138164;-27.1600000000
29.5428004803;203.2405709794;-27.1600000000
30.9068355093;203.0376178718;-27.1600000000
32.2700415570;202.8254204240;-27.1600000000
33.6304535026;202.6042925248;-27.1600000000
34.9902376234;202.3738867130;-27.1600000000
36.3476366908;202.1344999233;-27.1600000000
37.7050668069;201.8856970896;-27.1600000000
39.0611340279;201.6277127795;-27.1600000000
40.4135529221;201.3609979427;-27.1600000000
41.7628455913;201.0854830175;-27.1600000000
43.1100534108;200.8009712306;-27.1600000000
44.4571634752;200.5070257322;-27.1600000000
45.8039903452;200.2036493691;-27.1600000000
47.1499152246;199.8909508871;-27.1600000000
48.4927290812;199.5694414947;-27.1600000000
49.8319339784;199.2392659799;-27.1600000000
51.1670592000;198.9005751753;-27.1600000000
52.5000334877;198.5528978284;-27.1600000000
53.8317505225;198.1959873154;-27.1600000000
55.1618779039;197.8299117383;-27.1600000000
56.4903637345;197.4546670945;-27.1600000000
57.8154560852;197.0707481843;-27.1600000000
59.1370540570;196.6782031383;-27.1600000000
60.4556756762;196.2768912297;-27.1600000000
61.7722999690;195.8665099214;-27.1600000000
63.0871401969;195.4469736118;-27.1600000000
64.3985838940;195.0187917732;-27.1600000000
65.7065456961;194.5820048333;-27.1600000000
67.0110817441;194.1366057078;-27.1600000000
68.3122020441;193.6826006747;-27.1600000000
69.6098566718;193.2200160604;-27.1600000000
70.9056448879;192.7482717829;-27.1600000000
72.1994120330;192.2673962333;-27.1600000000
73.4897546031;191.7778994583;-27.1600000000
74.7765794353;191.2798209959;-27.1600000000
76.0600255476;190.7731093890;-27.1600000000
77.3406217191;190.2575490864;-27.1600000000
78.6159802145;189.7341150325;-27.1600000000
79.8868216776;189.2025435202;-27.1600000000
81.1541299213;188.6624338573;-27.1600000000
82.4198719237;188.1129221088;-27.1600000000
83.6831709690;187.5543485201;-27.1600000000
84.9423552997;186.9874408306;-27.1600000000
86.1964538481;186.4126554080;-27.1600000000
87.4459099220;185.8298135127;-27.1600000000
88.6902886264;185.2391412623;-27.1600000000
89.9319336557;184.6395246452;-27.1600000000
91.1684760555;184.0321051501;-27.1600000000
92.4028378498;183.4154363993;-27.1600000000
93.6324013183;182.7908098774;-27.1600000000
94.8579716729;182.1578215789;-27.1600000000
96.0778726046;181.5173521954;-27.1600000000
97.2938949768;180.8684736279;-27.1600000000
98.5061228821;180.2111275893;-27.1600000000
99.7141553543;179.5455206187;-27.1600000000
100.9179647675;178.8716610853;-27.1600000000
102.1186655344;178.1889022968;-27.1600000000
103.3134389602;177.4988452989;-27.1600000000
104.5025990452;176.8013392061;-27.1600000000
105.6872781215;176.0957296345;-27.1600000000
106.8689241592;175.3811272666;-27.1600000000
108.0433176499;174.6600935058;-27.1600000000
109.2119695049;173.9317465821;-27.1600000000
110.3761655483;173.1952910188;-27.1600000000
111.5373932441;172.4497511177;-27.1600000000
112.6931893115;171.6966855680;-27.1600000000
113.8437158688;170.9359971142;-27.1600000000
114.9897913542;170.1671373579;-27.1600000000
116.1308201985;169.3904936892;-27.1600000000
117.2659662802;168.6066425281;-27.1600000000
118.3959130016;167.8151201077;-27.1600000000
119.5193498908;167.0168606876;-27.1600000000
120.6376011557;166.2109380867;-27.1600000000
121.7498966341;165.3979123866;-27.1600000000
122.8576212796;164.5767652063;-27.1600000000
123.9588501641;163.7489243270;-27.1600000000
125.0549793379;162.9133478112;-27.1600000000
125.7901011071;162.3464111575;-27.1600000000
126.1575033520;162.0610721310;-27.1600000000
