encoder_index;u;s_mm;X_mm;Y_mm;Z_mm;Tx;Ty;Tz;source
0;0.0;0.0;-21.284803390502987;55.707907603011655;15.335323965973725;24.593877488637396;5.505143928179201;8.879751361808541;FUSION_WORLD_GEOMETRY_EXACT_SPLINE_SAMPLE
1;0.006329113924050633;1.4915378321252657;-19.911033825973952;56.02202129833238;15.823936544321125;24.44018525223298;5.706543292508012;8.560331959351227;FUSION_WORLD_GEOMETRY_EXACT_SPLINE_SAMPLE
2;0.012658227848101266;2.9830756642505314;-18.535461172479764;56.349954837131655;16.298183752306322;24.285292988990207;5.909513870412779;8.238425021974857;FUSION_WORLD_GEOMETRY_EXACT_SPLINE_SAMPLE
3;0.0189873417721519;4.474613496375797;-17.158300088743175;56.69196846896717;16.757643617305384;24.129177739548506;6.11408237300374;7.913999220073923;FUSION_WORLD_GEOMETRY_EXACT_SPLINE_SAMPLE
4;0.02531645569620253;5.966151328501063;-15.779782956038972;57.04832164910602;17.20188521946381;23.971817599751613;6.3202716429126395;7.5870375978546445;FUSION_WORLD_GEOMETRY_EXACT_SPLINE_SAMPLE
5;0.03164556962025317;7.4576891606263285;-14.400160903052628;57.41927192779138;17.63046989933798;23.81319190737329;6.5281002324043484;7.257538830178898;FUSION_WORLD_GEOMETRY_EXACT_SPLINE_SAMPLE
6;0.0379746835443038;8.949226992751594;-13.019704787133932;57.80507372437819;18.04295268047079;23.653281437782642;6.737581966532588;6.92551851391396;FUSION_WORLD_GEOMETRY_EXACT_SPLINE_SAMPLE
7;0.04430379746835443;10.440764824876858;-11.638706110304556;58.205976986705394;18.438883921210444;23.492068607037396;6.948725494665242;6.591010484059448;FUSION_WORLD_GEOMETRY_EXACT_SPLINE_SAMPLE
8;0.05063291139240506;11.932302657002126;-10.257477845715876;58.622225738551236;18.817811208236414;23.32953768045128;7.161533834542054;6.254068142738207;FUSION_WORLD_GEOMETRY_EXACT_SPLINE_SAMPLE
9;0.056962025316455694;13.42384048912739;-8.87635514774582;59.05405652094079;19.17928150167019;23.165674984282475;7.376003913816117;5.914765786961805;FUSION_WORLD_GEOMETRY_EXACT_SPLINE_SAMPLE
10;0.06329113924050633;14.915378321252657;-7.4956959166330615;59.50169673590318;19.52284353869199;23.000469138187988;7.59212608782895;5.573199950370783;FUSION_WORLD_GEOMETRY_EXACT_SPLINE_SAMPLE
11;0.06962025316455696;16.40691615337792;-6.1158811845730625;59.96536290084038;19.84805050271637;22.833911360653318;7.8098835668843964;5.22949082598478;FUSION_WORLD_GEOMETRY_EXACT_SPLINE_SAMPLE
12;0.0759493670886076;17.89845398550319;-4.737315298026504;60.44525882506281;20.154462956134182;22.665995726116495;8.029251916074939;4.883783568512007;FUSION_WORLD_GEOMETRY_EXACT_SPLINE_SAMPLE
13;0.08227848101265822;19.389991817628452;-3.3604258464499437;60.94157374126204;20.44165202735831;22.496719366289128;8.250198640291712;4.536249447201981;FUSION_WORLD_GEOMETRY_EXACT_SPLINE_SAMPLE
14;0.08860759493670886;20.881529649753716;-1.9856633263087031;61.454480412496;20.709202830017244;22.32608265423524;8.472682806309379;4.187086892926441;FUSION_WORLD_GEOMETRY_EXACT_SPLINE_SAMPLE
15;0.0949367088607595;22.373067481878984;-0.6135004963906351;61.98413324981107;20.956718093919346;22.154089365445646;8.696654712471489;3.836522412224803;FUSION_WORLD_GEOMETRY_EXACT_SPLINE_SAMPLE
16;0.10126582278481013;23.86460531400425;0.7555685971893505;62.530666473482206;21.18382197462095;21.980746810882344;8.922055615522964;3.484811343446812;FUSION_WORLD_GEOMETRY_EXACT_SPLINE_SAMPLE
17;0.10759493670886076;25.356143146129515;2.121029948854853;63.09419235643703;21.390164001367715;21.806065936212974;9.148817524976053;3.132238429293388;FUSION_WORLD_GEOMETRY_EXACT_SPLINE_SAMPLE
18;0.11392405063291139;26.84768097825478;3.482351289781919;63.674799590490075;21.575423116080337;21.63006140056791;9.376863039927759;2.779118285003252;FUSION_WORLD_GEOMETRY_EXACT_SPLINE_SAMPLE
19;0.12025316455696203;28.339218810380046;4.838984161450891;64.27255180878763;21.73931177100185;21.452751735362;9.606105042022392;2.4257963175965274;FUSION_WORLD_GEOMETRY_EXACT_SPLINE_SAMPLE
20;0.12658227848101267;29.830756642505314;6.190366369211494;64.88748629842297;21.881580048808473;21.274159424715208;9.836446536672568;2.0726492375770564;FUSION_WORLD_GEOMETRY_EXACT_SPLINE_SAMPLE
21;0.13291139240506328;31.322294474630574;7.5359248060600486;65.51961296051643;22.002019704825592;21.094310836313742;10.067780772367351;1.7200847862985436;FUSION_WORLD_GEOMETRY_EXACT_SPLINE_SAMPLE
22;0.13924050632911392;32.81383230675584;8.875078623218908;66.1689135647492;22.100468043586552;20.913236087873845;10.299991479042445;1.3685411547082311;FUSION_WORLD_GEOMETRY_EXACT_SPLINE_SAMPLE
23;0.14556962025316456;34.30537013888111;10.207242711964913;66.83534133523624;22.176811553798434;20.730968853568008;10.532953215844394;1.018486126353184;FUSION_WORLD_GEOMETRY_EXACT_SPLINE_SAMPLE
24;0.1518987341772152;35.79690797100638;11.531831449130607;67.5188208981503;22.230989227432993;20.547546110256015;10.766531826820403;0.6704159524121336;FUSION_WORLD_GEOMETRY_EXACT_SPLINE_SAMPLE
25;0.15822784810126583;37.288445803131644;12.848262647485578;68.21924861348558;22.262995492987002;20.36300782510008;11.000584999767863;0.3248539750276983;FUSION_WORLD_GEOMETRY_EXACT_SPLINE_SAMPLE
26;0.16455696202531644;38.779983635256905;14.155961642670068;68.93649330338809;22.272882699922583;20.177396610174053;11.234962894781354;-0.017651003228498184;FUSION_WORLD_GEOMETRY_EXACT_SPLINE_SAMPLE
27;0.17088607594936708;40.27152146738217;15.454365443415451;69.67039737392912;22.26076309703998;19.990757423971285;11.469508745914753;-0.3565266612019338;FUSION_WORLD_GEOMETRY_EXACT_SPLINE_SAMPLE
28;0.17721518987341772;41.76305929950743;16.742926865576685;70.42077831807093;22.226810262727845;19.803137178920057;11.704059589761256;-0.691179191333613;FUSION_WORLD_GEOMETRY_EXACT_SPLINE_SAMPLE
29;0.18354430379746836;43.2545971316327;18.021118562810578;71.18743058656828;22.171259969775715;19.61458424969707;11.938447119300363;-1.0209953594495187;FUSION_WORLD_GEOMETRY_EXACT_SPLINE_SAMPLE
30;0.189873417721519;44.74613496375797;19.28843687036968;71.97012779833679;22.094410479642207;19.425147951219227;12.172498576239462;-1.345344613048952;FUSION_WORLD_GEOMETRY_EXACT_SPLINE_SAMPLE
31;0.1962025316455696;46.23767279588323;20.544405384016116;72.7686252502673;21.996622276573614;19.234877998747532;12.406037658932723;-1.6635811859640444;FUSION_WORLD_GEOMETRY_EXACT_SPLINE_SAMPLE
32;0.20253164556962025;47.7292106280085;21.78857820354604;73.58266267837026;21.87831726919473;19.043823960500642;12.638885425140023;-1.9750461431283242;FUSION_WORLD_GEOMETRY_EXACT_SPLINE_SAMPLE
33;0.2088607594936709;49.22074846013376;23.02054278084599;74.41196721615535;21.73997750362391;18.852034715253534;12.870861163913972;-2.2790692884271566;FUSION_WORLD_GEOMETRY_EXACT_SPLINE_SAMPLE
34;0.21518987341772153;50.71228629225903;24.239922329189085;75.25625648752838;21.582143472230328;18.659558040022283;13.101782934421713;-2.574969698146047;FUSION_WORLD_GEOMETRY_EXACT_SPLINE_SAMPLE
35;0.22151898734177214;52.20382412438429;25.446377797216826;76.1152417595417;21.405412222501173;18.46644041497354;13.331467557606771;-2.8620539968078376;FUSION_WORLD_GEOMETRY_EXACT_SPLINE_SAMPLE
36;0.22784810126582278;53.69536195650956;26.639609390146475;76.98863110686284;21.21043532554165;18.27272662474202;13.55973109408321;-3.1396167251335556;FUSION_WORLD_GEOMETRY_EXACT_SPLINE_SAMPLE
37;0.23417721518987342;55.18689978863483;27.819357604375988;77.87613255624898;20.997916658126936;18.078459299221816;13.786389462966024;-3.4069413808031888;FUSION_WORLD_GEOMETRY_EXACT_SPLINE_SAMPLE
38;0.24050632911392406;56.67843762076009;28.985403777814728;78.77745716407408;20.768610067503168;17.883678491210123;14.011258965308993;-3.6633011588220166;FUSION_WORLD_GEOMETRY_EXACT_SPLINE_SAMPLE
39;0.2468354430379747;58.16997545288536;30.137570168089482;79.6923219774747;20.52331700955566;17.688421297249597;14.234156698938186;-3.907959351094279;FUSION_WORLD_GEOMETRY_EXACT_SPLINE_SAMPLE
40;0.25316455696202533;59.66151328501063;31.275719585629844;80.62045283878038;20.26288425015656;17.49272152502363;14.454900857062661;-4.140169381427451;FUSION_WORLD_GEOMETRY_EXACT_SPLINE_SAMPLE
41;0.25949367088607594;61.15305111713589;32.39975461086401;81.56158699874786;19.98820169816257;17.29660931972233;14.673311226011972;-4.35917629239617;FUSION_WORLD_GEOMETRY_EXACT_SPLINE_SAMPLE
42;0.26582278481012656;62.64458894926115;33.50961622586388;82.51547551068123;19.700199657280475;17.10010938473768;14.88921480568117;-4.564247949860764;FUSION_WORLD_GEOMETRY_EXACT_SPLINE_SAMPLE
43;0.2721518987341772;64.13612678138642;34.60528136599601;83.48188532399433;19.399843667150076;16.903238777985056;15.102453272217248;-4.754717667113243;FUSION_WORLD_GEOMETRY_EXACT_SPLINE_SAMPLE
44;0.27848101265822783;65.62766461351168;35.68675975850007;84.46060093379782;19.088128446837636;16.706006750645336;15.312883443843386;-4.929987603750277;FUSION_WORLD_GEOMETRY_EXACT_SPLINE_SAMPLE
45;0.2848101265822785;67.11920244563696;36.75409048742041;85.45142555404631;18.766072398375535;16.508414964397883;15.520376539676368;-5.089525698390258;FUSION_WORLD_GEOMETRY_EXACT_SPLINE_SAMPLE
46;0.2911392405063291;68.61074027776222;37.807338401733126;86.45418184267825;18.434712772926325;16.31045776447738;15.724817353212702;-5.232862464075872;FUSION_WORLD_GEOMETRY_EXACT_SPLINE_SAMPLE
47;0.2974683544303797;70.10227810988748;38.846590449262926;87.46871221430673;18.09510149185779;16.112122495800318;15.926103369072544;-5.359587754022742;FUSION_WORLD_GEOMETRY_EXACT_SPLINE_SAMPLE
48;0.3037974683544304;71.59381594201275;39.87195200582799;88.4948787782727;17.748301597228124;15.913389850756051;16.12414384846164;-5.469347591711825;FUSION_WORLD_GEOMETRY_EXACT_SPLINE_SAMPLE
49;0.310126582278481;73.08535377413801;40.8835432553614;89.53256293953294;17.39538428949617;15.714234243852678;16.318858920902713;-5.5618413480793905;FUSION_WORLD_GEOMETRY_EXACT_SPLINE_SAMPLE
50;0.31645569620253167;74.57689160626329;41.881495654809754;90.58166469065225;17.037426451569367;15.51462424139676;16.510178804431096;-5.636820715303931;FUSION_WORLD_GEOMETRY_EXACT_SPLINE_SAMPLE
51;0.3227848101265823;76.06842943838855;42.86594850447953;91.64210161670036;16.675508538656395;15.31452299633806;16.69804302535384;-5.694088667631354;FUSION_WORLD_GEOMETRY_EXACT_SPLINE_SAMPLE
52;0.3291139240506329;77.55996727051381;43.837045663176085;92.71380765279481;16.31071284850833;15.113888652067459;16.882399568765795;-5.733497336653941;FUSION_WORLD_GEOMETRY_EXACT_SPLINE_SAMPLE
53;0.33544303797468356;79.05150510263907;44.79493243137238;93.7967316269935;15.944122141578212;14.912674742043425;17.06320407201589;-5.754946148726149;FUSION_WORLD_GEOMETRY_EXACT_SPLINE_SAMPLE
54;0.34177215189873417;80.54304293476434;45.73975261128213;94.89083561228543;15.576818540324906;14.710830585402038;17.240419078006635;-5.758380364489623;FUSION_WORLD_GEOMETRY_EXACT_SPLINE_SAMPLE
55;0.34810126582278483;82.0345807668896;46.67164574721263;95.99609310755115;15.209882634726185;14.508301677147914;17.41401335466704;-5.743790041415252;FUSION_WORLD_GEOMETRY_EXACT_SPLINE_SAMPLE
56;0.35443037974683544;83.52611859901486;47.590744545868844;97.11248706414005;14.844392720905265;14.305030072521937;17.583961285169746;-5.711209432946528;FUSION_WORLD_GEOMETRY_EXACT_SPLINE_SAMPLE
57;0.36075949367088606;85.01765643114013;48.49717247525468;98.24000777197409;14.481424102096224;14.100954803854176;17.750242269761728;-5.660716690938329;FUSION_WORLD_GEOMETRY_EXACT_SPLINE_SAMPLE
58;0.3670886075949367;86.5091942632654;49.39104155274919;99.378650614221;14.122048404488389;13.896012469397089;17.912839912807474;-5.592433355315358;FUSION_WORLD_GEOMETRY_EXACT_SPLINE_SAMPLE
59;0.37341772151898733;88.00073209539066;50.27245032786691;100.52841370100649;13.767332853258916;13.690137728042151;18.071741433297753;-5.506524606869845;FUSION_WORLD_GEOMETRY_EXACT_SPLINE_SAMPLE
60;0.379746835443038;89.49226992751593;51.14148203805741;101.68929539933603;13.418339407396967;13.483263670642279;18.226937351126555;-5.403200393541345;FUSION_WORLD_GEOMETRY_EXACT_SPLINE_SAMPLE
61;0.3860759493670886;90.9838077596412;51.99820293073303;102.86129177347573;13.076123675260789;13.275322186125429;18.378421258363545;-5.282716987054263;FUSION_WORLD_GEOMETRY_EXACT_SPLINE_SAMPLE
62;0.3924050632911392;92.47534559176646;52.84266075308145;104.04439395095187;12.741733544344111;13.066244328633745;18.52618966702346;-5.145378930564566;FUSION_WORLD_GEOMETRY_EXACT_SPLINE_SAMPLE
63;0.3987341772151899;93.96688342389174;53.67488341426775;105.23858543305192;12.416207460917343;12.855960686152379;18.67024193324195;-4.991541351121099;FUSION_WORLD_GEOMETRY_EXACT_SPLINE_SAMPLE
64;0.4050632911392405;95.458421256017;54.49487782784217;106.44383937361569;12.100572298027537;12.644401750761903;18.810580257383336;-4.821612606844547;FUSION_WORLD_GEOMETRY_EXACT_SPLINE_SAMPLE
65;0.41139240506329117;96.94995908814226;55.30262894540732;107.66011585440388;11.795840747776822;12.431498329634245;18.947209744955444;-4.6360575848672045;FUSION_WORLD_GEOMETRY_EXACT_SPLINE_SAMPLE
66;0.4177215189873418;98.44149692026753;56.09809899583383;108.88735918278302;11.503008137137154;12.217182061103655;19.08013850306981;-4.435402181208389;FUSION_WORLD_GEOMETRY_EXACT_SPLINE_SAMPLE
67;0.4240506329113924;99.93303475239279;56.881226949631994;110.12549525651312;11.223048611829622;12.001385841220863;19.209377839525892;-4.220237198696041;FUSION_WORLD_GEOMETRY_EXACT_SPLINE_SAMPLE
68;0.43037974683544306;101.42457258451806;57.65192823045478;111.37442906317986;10.956910701903999;11.78404418601155;19.334942552062024;-3.991221879232219;FUSION_WORLD_GEOMETRY_EXACT_SPLINE_SAMPLE
69;0.43670886075949367;102.91611041664332;58.41009469497335;112.63404237977826;10.705512255277952;11.565093575756862;19.456851285616604;-3.7490874652280186;FUSION_WORLD_GEOMETRY_EXACT_SPLINE_SAMPLE
70;0.4430379746835443;104.40764824876858;59.155594901937754;113.90419174344169;10.469734730996452;11.344472774245782;19.575126952685366;-3.494640710159536;FUSION_WORLD_GEOMETRY_EXACT_SPLINE_SAMPLE
71;0.44936708860759494;105.89918608089386;59.888274689532565;115.18470677107693;10.25041686197681;11.122123113433666;19.68979721083872;-3.228767241053756;FUSION_WORLD_GEOMETRY_EXACT_SPLINE_SAMPLE
72;0.45569620253164556;107.39072391301912;60.60795807662247;116.47538891046736;10.048347717536812;10.897988736838624;19.800894987739447;-2.952434682183813;FUSION_WORLD_GEOMETRY_EXACT_SPLINE_SAMPLE
73;0.4620253164556962;108.8822617451444;61.314448500130645;117.77601070495035;9.864259210843517;10.672016899929947;19.908458987954415;-2.6666957481997584;FUSION_WORLD_GEOMETRY_EXACT_SPLINE_SAMPLE
74;0.46835443037974683;110.37379957726966;62.00753039977641;119.08631564710564;9.698818099567402;10.444158306546875;20.01253417506618;-2.372691179095714;FUSION_WORLD_GEOMETRY_EXACT_SPLINE_SAMPLE
75;0.47468354430379744;111.86533740939493;62.68697114094218;120.40601870432593;9.552617590931359;10.214367189643728;20.113172359862595;-2.0716516280211374;FUSION_WORLD_GEOMETRY_EXACT_SPLINE_SAMPLE
76;0.4810126582278481;113.35687524152019;63.352523250184106;121.73480759023715;9.426168696859168;9.982601253585718;20.210432814298574;-1.7648987877537625;FUSION_WORLD_GEOMETRY_EXACT_SPLINE_SAMPLE
77;0.4873417721518987;114.84841307364545;64.00392692888408;123.07234483132953;9.319891485375367;9.748821509559216;20.304382874553927;-1.4538458121761022;FUSION_WORLD_GEOMETRY_EXACT_SPLINE_SAMPLE
78;0.4936708860759494;116.33995090577072;64.64091279857863;124.41827065932674;9.234106386674986;9.51299199491859;20.395098517974212;-1.1399969936842071;FUSION_WORLD_GEOMETRY_EXACT_SPLINE_SAMPLE
79;0.5;117.83148873789598;65.26320481290445;125.77220672444825;9.169025720573847;9.275079371784665;20.482664898171134;-0.824946689660539;FUSION_WORLD_GEOMETRY_EXACT_SPLINE_SAMPLE
80;0.5063291139240507;119.32302657002126;65.87052327238061;127.1337606034611;9.12474574945162;9.035052757505559;20.56717611510368;-0.5103681406707871;FUSION_WORLD_GEOMETRY_EXACT_SPLINE_SAMPLE
81;0.5126582278481012;120.8145644021465;66.46258800433955;128.5025309939091;9.10124182883191;8.792885853391235;20.648730063841004;-0.19793733437407368;FUSION_WORLD_GEOMETRY_EXACT_SPLINE_SAMPLE
82;0.5189873417721519;122.30610223427178;67.03912168471639;129.878113261378;9.098369454475453;8.548558324656634;20.72742443125702;0.11072753437326208;FUSION_WORLD_GEOMETRY_EXACT_SPLINE_SAMPLE
83;0.5253164556962026;123.79764006639704;67.59985285571318;131.26010496564223;9.115867818874344;8.302055144576562;20.803356567904792;0.41407421622484053;FUSION_WORLD_GEOMETRY_EXACT_SPLINE_SAMPLE
84;0.5316455696202531;125.2891778985223;68.14451845616952;132.6481111719832;9.15336429885931;8.053365803516995;20.876623546493114;0.7106206741473573;FUSION_WORLD_GEOMETRY_EXACT_SPLINE_SAMPLE
85;0.5379746835443038;126.78071573064756;68.67286583032092;134.04174940628772;9.21037974352185;7.802483537860771;20.947322148416923;0.9989588491263035;FUSION_WORLD_GEOMETRY_EXACT_SPLINE_SAMPLE
86;0.5443037974683544;128.27225356277285;69.18465420277347;135.4406541310578;9.286334442723552;7.5494045985542515;21.015548787685038;1.2777578244918568;FUSION_WORLD_GEOMETRY_EXACT_SPLINE_SAMPLE
87;0.5506329113924051;129.7637913948981;69.67965562602768;136.84448064126207;9.380554635424685;7.294127580956782;21.08139938273692;1.5457663171414917;FUSION_WORLD_GEOMETRY_EXACT_SPLINE_SAMPLE
88;0.5569620253164557;131.25532922702337;70.15765542728045;138.25290830307122;9.492279397125941;7.036652976424243;21.14496919864316;1.8018141214400951;FUSION_WORLD_GEOMETRY_EXACT_SPLINE_SAMPLE
89;0.5632911392405063;132.74686705914863;70.61845220842488;139.66564308359892;9.62066771282813;6.776983019612176;21.2063526751378;2.044812368219394;FUSION_WORLD_GEOMETRY_EXACT_SPLINE_SAMPLE
90;0.569620253164557;134.23840489127392;71.0618574483143;141.08241934911862;9.764805594476053;6.515121367134471;21.265643211606235;2.27375377953025;FUSION_WORLD_GEOMETRY_EXACT_SPLINE_SAMPLE
91;0.5759493670886076;135.72994272339915;71.48769475433258;142.50300093093966;9.92371314081758;6.251072788628612;21.322932932824163;2.4877125638719892;FUSION_WORLD_GEOMETRY_EXACT_SPLINE_SAMPLE
92;0.5822784810126582;137.22148055552444;71.895798827021;143.92718147415724;10.096351425634737;5.984842966240578;21.378312451075136;2.6858438153983273;FUSION_WORLD_GEOMETRY_EXACT_SPLINE_SAMPLE
93;0.5886075949367089;138.7130183876497;72.28601420629056;145.35478410008147;10.28162911776273;5.716438405899743;21.43187063156049;2.8673825115732408;FUSION_WORLD_GEOMETRY_EXACT_SPLINE_SAMPLE
94;0.5949367088607594;140.20455621977496;72.65819386834183;146.78566042515033;10.478408760237837;5.445866460915743;21.483694366631486;3.0316422135034955;FUSION_WORLD_GEOMETRY_EXACT_SPLINE_SAMPLE
95;0.6012658227848101;141.69609405190022;73.01219774110375;148.2196889882456;10.685512656562722;5.173135470201426;21.53386837018994;3.1780132908462684;FUSION_WORLD_GEOMETRY_EXACT_SPLINE_SAMPLE
96;0.6075949367088608;143.1876318840255;73.34789120559984;149.65677315338377;10.90172826681326;4.898255029426358;21.582475038555373;3.305959052258911;FUSION_WORLD_GEOMETRY_EXACT_SPLINE_SAMPLE
97;0.6139240506329114;144.67916971615077;73.66514364639804;151.0968385612713;11.12581303199134;4.62123635496871;21.62959431729117;3.4150123906346246;FUSION_WORLD_GEOMETRY_EXACT_SPLINE_SAMPLE
98;0.620253164556962;146.17070754827603;73.96382710076384;152.53983017563854;11.356498758010222;4.342092721341201;21.675303544569175;3.504774224031613;FUSION_WORLD_GEOMETRY_EXACT_SPLINE_SAMPLE
99;0.6265822784810127;147.6622453804013;74.24381505315831;153.98570897303952;11.59249564763776;4.060839988251091;21.719677310022654;3.5749122394914394;FUSION_WORLD_GEOMETRY_EXACT_SPLINE_SAMPLE
100;0.6329113924050633;149.15378321252658;74.50498141830575;155.43444832704807;11.832496035578817;3.777497212759671;21.762787331216458;3.6251598909109988;FUSION_WORLD_GEOMETRY_EXACT_SPLINE_SAMPLE
101;0.6392405063291139;150.6453210446518;74.74719975240365;156.8860301428581;12.075177894822959;3.492087338221519;21.804702346684152;3.655315707429367;FUSION_WORLD_GEOMETRY_EXACT_SPLINE_SAMPLE
102;0.6455696202531646;152.1368588767771;74.97034272430359;158.34044078031684;12.319208190605782;3.204637963668835;21.84548802270382;3.6652430006743284;FUSION_WORLD_GEOMETRY_EXACT_SPLINE_SAMPLE
103;0.6518987341772152;153.62839670890236;75.17428188691893;159.7976668197901;12.563246214325947;2.9151825902446586;21.885206830793756;3.654871920438657;FUSION_WORLD_GEOMETRY_EXACT_SPLINE_SAMPLE
104;0.6582278481012658;155.11993454102762;75.35888781264443;161.25769067186167;12.805947191932212;2.6237625079173474;21.923917876255857;3.6242046532540506;FUSION_WORLD_GEOMETRY_EXACT_SPLINE_SAMPLE
105;0.6645569620253164;156.61147237315288;75.52403060894518;162.72048610434385;13.04596621912105;2.330427974496872;21.961676812981313;3.573317488234899;FUSION_WORLD_GEOMETRY_EXACT_SPLINE_SAMPLE
106;0.6708860759493671;158.10301020527814;75.66958079463458;164.18601378607732;13.281962438117992;2.035239157875397;21.9985357938791;3.5023620588491107;FUSION_WORLD_GEOMETRY_EXACT_SPLINE_SAMPLE
107;0.6772151898734177;159.5945480374034;75.79541053971404;165.65421692320467;13.512603526034423;1.7382670750527296;22.034543430268855;3.4115669186096236;FUSION_WORLD_GEOMETRY_EXACT_SPLINE_SAMPLE
108;0.6835443037974683;161.0860858695287;75.90139526773798;167.12501706659768;13.736570578747731;1.4395945064893145;22.06974475967892;3.301239397178175;FUSION_WORLD_GEOMETRY_EXACT_SPLINE_SAMPLE
109;0.689873417721519;162.57762370165395;75.98741561034477;168.5983101773809;13.952563461739107;1.1393168595773993;22.104181222105165;3.171767655644957;FUSION_WORLD_GEOMETRY_EXACT_SPLINE_SAMPLE
110;0.6962025316455697;164.0691615337792;76.0533596906337;170.07396304946246;14.15930666084175;0.8375427905849189;22.137890683233653;3.023621365227699;FUSION_WORLD_GEOMETRY_EXACT_SPLINE_SAMPLE
111;0.7025316455696202;165.56069936590447;76.0991256603703;171.55181024147507;14.355555280278889;0.5343935666956106;22.17090773710263;2.8573419147975763;FUSION_WORLD_GEOMETRY_EXACT_SPLINE_SAMPLE
112;0.7088607594936709;167.05223719802973;76.12462439316081;173.03165166108627;14.540100757843742;0.2300025465017935;22.203263956004573;2.673534994054627;FUSION_WORLD_GEOMETRY_EXACT_SPLINE_SAMPLE
113;0.7151898734177216;168.54377503015502;76.12978233077021;174.5132507865402;14.711776838681384;-0.07548454619952828;22.2349879250285;2.4728717075022466;FUSION_WORLD_GEOMETRY_EXACT_SPLINE_SAMPLE
114;0.7215189873417721;170.03531286228025;76.11454444268233;175.99633357482838;14.869466017039471;-0.38190946569894924;22.266105271544838;2.256089935991489;FUSION_WORLD_GEOMETRY_EXACT_SPLINE_SAMPLE
115;0.7278481012658228;171.52685069440554;76.07887722245846;177.48058813786804;15.012106374539167;-0.6891014959571345;22.296638706704698;2.023995209171316;FUSION_WORLD_GEOMETRY_EXACT_SPLINE_SAMPLE
116;0.7341772151898734;173.0183885265308;76.02277163371963;178.96566525947068;15.138698706307647;-0.9968777315944831;22.32660808026671;1.777460970925564;FUSION_WORLD_GEOMETRY_EXACT_SPLINE_SAMPLE
117;0.740506329113924;174.50992635865606;75.94624591014345;180.45117980894477;15.248313793087622;-1.30504366937369;22.35603046266039;1.5174276197367833;FUSION_WORLD_GEOMETRY_EXACT_SPLINE_SAMPLE
118;0.7468354430379747;176.00146419078132;75.84934804438723;181.93671310879915;15.340099151762097;-1.6133968517979136;22.384920789270993;1.2448788364670267;FUSION_WORLD_GEOMETRY_EXACT_SPLINE_SAMPLE
119;0.7531645569620253;177.49300202290658;75.73215756930574;183.42181630697803;15.413282758935296;-1.9217346156159463;22.41329327337606;0.9607868706650189;FUSION_WORLD_GEOMETRY_EXACT_SPLINE_SAMPLE
120;0.759493670886076;178.98453985503187;75.59478663535234;184.90601446568732;15.467174138234313;-2.2298568743536533;22.441161820931136;0.6660974189559745;FUSION_WORLD_GEOMETRY_EXACT_SPLINE_SAMPLE
121;0.7658227848101266;180.4760776871571;75.43738061786257;186.38881106355583;15.50116479756014;-2.537567234221525;22.46854010005594;0.361727838492446;FUSION_WORLD_GEOMETRY_EXACT_SPLINE_SAMPLE
122;0.7721518987341772;181.9676155192824;75.26011826468331;187.86969279072844;15.514728185610176;-2.8446741352476215;22.495441601379355;0.048565248043530296;FUSION_WORLD_GEOMETRY_EXACT_SPLINE_SAMPLE
123;0.7784810126582279;183.45915335140768;75.06321137587531;189.34813452957496;15.507419100155422;-3.150991997232687;22.521879690601644;-0.2725354913461186;FUSION_WORLD_GEOMETRY_EXACT_SPLINE_SAMPLE
124;0.7848101265822784;184.9506911835329;74.84690402217082;190.82360440909662;15.478872502740362;-3.4563423391929886;22.547867652632814;-0.6007538339540658;FUSION_WORLD_GEOMETRY_EXACT_SPLINE_SAMPLE
125;0.7911392405063291;186.4422290156582;74.61147132483869;192.29556882132493;15.42880172782912;-3.760554728244831;22.57341871057985;-0.9353048623213817;FUSION_WORLD_GEOMETRY_EXACT_SPLINE_SAMPLE
126;0.7974683544303798;187.9337668477835;74.35721786168584;193.76349730839647;15.356996297027427;-4.063466641573447;22.598545892213572;-1.275434297656029;FUSION_WORLD_GEOMETRY_EXACT_SPLINE_SAMPLE
127;0.8037974683544303;189.42530467990872;74.08447577914797;195.2268672656469;15.263319639447984;-4.364923376920771;22.623261908739536;-1.6204142020018786;FUSION_WORLD_GEOMETRY_EXACT_SPLINE_SAMPLE
128;0.810126582278481;190.916842512034;73.79360259995808;196.68516838053577;15.147706392927262;-4.664778854143044;22.6475791691079;-1.969544606755901;FUSION_WORLD_GEOMETRY_EXACT_SPLINE_SAMPLE
129;0.8164556962025317;192.40838034415927;73.48497875307825;198.1379067200584;15.01015914275007;-4.962896387754471;22.67150980126669;-2.3221554796114634;FUSION_WORLD_GEOMETRY_EXACT_SPLINE_SAMPLE
130;0.8227848101265823;193.89991817628453;73.15900488729261;199.58460839751405;14.850744655973287;-5.259149329962441;22.69506566816488;-2.6776084476236623;FUSION_WORLD_GEOMETRY_EXACT_SPLINE_SAMPLE
131;0.8291139240506329;195.3914560084098;72.81609903364713;201.02482276623368;14.669589688969616;-5.553421575651983;22.71825837888185;-3.035298239997256;FUSION_WORLD_GEOMETRY_EXACT_SPLINE_SAMPLE
132;0.8354430379746836;196.88299384053505;72.456693681948;202.45812510517905;14.466876454561868;-5.845607925471347;22.74109929537503;-3.394653825987164;FUSION_WORLD_GEOMETRY_EXACT_SPLINE_SAMPLE
133;0.8417721518987342;198.37453167266034;72.08123283457337;203.88411877619788;14.24283783477264;-6.135614317743591;22.763599545005583;-3.7551395733004727;FUSION_WORLD_GEOMETRY_EXACT_SPLINE_SAMPLE
134;0.8481012658227848;199.86606950478557;71.69016909503208;205.30243684959683;13.997752369951609;-6.42335796886977;22.785770071786324;-4.116257564231381;FUSION_WORLD_GEOMETRY_EXACT_SPLINE_SAMPLE
135;0.8544303797468354;201.35760733691086;71.28396085128361;206.71274318295195;13.731939089454341;-6.708767348902263;22.807621658232264;-4.477548662468777;FUSION_WORLD_GEOMETRY_EXACT_SPLINE_SAMPLE
136;0.8607594936708861;202.84914516903612;70.86306959312729;208.11473301203364;13.445752353948638;-6.991782005664728;22.82916491475199;-4.838592204509905;FUSION_WORLD_GEOMETRY_EXACT_SPLINE_SAMPLE
137;0.8670886075949367;204.34068300116138;70.4279574032128;209.5081330809032;13.139576812826967;-7.272352280765793;22.85041026616974;-5.199005361593562;FUSION_WORLD_GEOMETRY_EXACT_SPLINE_SAMPLE
138;0.8734177215189873;205.83222083328664;69.97908464729095;210.8927013632804;12.813822540948772;-7.550438934824041;22.871367937372625;-5.558442247646108;FUSION_WORLD_GEOMETRY_EXACT_SPLINE_SAMPLE
139;0.879746835443038;207.3237586654119;69.51690788264125;212.26822642547117;12.468920408164513;-7.826012697090565;22.89204793867021;-5.916592806778967;FUSION_WORLD_GEOMETRY_EXACT_SPLINE_SAMPLE
140;0.8860759493670886;208.81529649753716;69.0418779956073;213.6345264843427;12.10531772337961;-8.099053754796028;22.912460051387143;-6.273181515652036;FUSION_WORLD_GEOMETRY_EXACT_SPLINE_SAMPLE
141;0.8924050632911392;210.30683432966242;68.55443857246524;214.99144821446365;11.723474185324639;-8.369551163462155;22.932613810944822;-6.627965798031081;FUSION_WORLD_GEOMETRY_EXACT_SPLINE_SAMPLE
142;0.8987341772151899;211.7983721617877;68.05502450535903;216.33886536665278;11.32385818914047;-8.637501986483194;22.952518468264973;-6.980733335240839;FUSION_WORLD_GEOMETRY_EXACT_SPLINE_SAMPLE
143;0.9050632911392406;213.28990999391297;67.54406082844355;217.67667725916715;10.906943526914114;-8.90291049826599;22.972182960180675;-7.331299619919443;FUSION_WORLD_GEOMETRY_EXACT_SPLINE_SAMPLE
144;0.9113924050632911;214.78144782603823;67.02196176444195;219.00480717091506;10.473206430762838;-9.16578760470326;22.99161590261834;-7.679506378425298;FUSION_WORLD_GEOMETRY_EXACT_SPLINE_SAMPLE
145;0.9177215189873418;216.2729856581635;66.4891299651744;220.3232006685246;10.023122931951454;-9.42615027981837;23.010825586733333;-8.025220027074093;FUSION_WORLD_GEOMETRY_EXACT_SPLINE_SAMPLE
146;0.9240506329113924;217.7645234902888;65.94595593121569;221.63182390108886;9.557166526782945;-9.684021010147823;23.029819976493112;-8.368330118064879;FUSION_WORLD_GEOMETRY_EXACT_SPLINE_SAMPLE
147;0.930379746835443;219.256061322414;65.39281759467823;222.93066189191353;9.075806136353137;-9.939427253229688;23.04860670768962;-8.708747794129577;FUSION_WORLD_GEOMETRY_EXACT_SPLINE_SAMPLE
148;0.9367088607594937;220.74759915453933;64.83008004854065;224.21971685187387;8.579504344066237;-10.192400915287154;23.067193088328995;-9.04640426794679;FUSION_WORLD_GEOMETRY_EXACT_SPLINE_SAMPLE
149;0.9430379746835443;222.23913698666456;64.2580954059058;225.49900653448165;8.06871589258885;-10.442977851886667;23.085586100325745;-9.381249339765514;FUSION_WORLD_GEOMETRY_EXACT_SPLINE_SAMPLE
150;0.9493670886075949;223.73067481878985;63.67720277328005;226.76856264858384;7.543886419891158;-10.6911973747158;23.103792403097962;-9.713250005852654;FUSION_WORLD_GEOMETRY_EXACT_SPLINE_SAMPLE
151;0.9556962025316456;225.22221265091508;63.08772832517441;228.02842934014336;7.005451409133629;-10.937101730639391;23.121818340196803;-10.042389241754432;FUSION_WORLD_GEOMETRY_EXACT_SPLINE_SAMPLE
152;0.9620253164556962;226.71375048304037;62.48998546576141;229.27866175182908;6.453835331646117;-11.180735660795309;23.139669945098788;-10.368664738087485;FUSION_WORLD_GEOMETRY_EXACT_SPLINE_SAMPLE
153;0.9683544303797469;228.20528831516566;61.88427506045759;230.51932466734627;5.889450969254446;-11.422146022867032;23.15735294667511;-10.692087630602526;FUSION_WORLD_GEOMETRY_EXACT_SPLINE_SAMPLE
154;0.9746835443037974;229.6968261472909;61.270885724320685;231.75049124432135;5.312698897710094;-11.661381442993857;23.174872775403948;-11.01268129859807;FUSION_WORLD_GEOMETRY_EXACT_SPLINE_SAMPLE
155;0.9810126582278481;231.18836397941618;60.650094156107166;232.97224183730268;4.723967112634072;-11.898491996005319;23.19223457024089;-11.33048023436328;FUSION_WORLD_GEOMETRY_EXACT_SPLINE_SAMPLE
156;0.9873417721518988;232.67990181154144;60.02216550805437;234.18466291072346;4.123630780549026;-12.13352891311203;23.20944318603951;-11.645528983478012;FUSION_WORLD_GEOMETRY_EXACT_SPLINE_SAMPLE
157;0.9936708860759493;234.1714396436667;59.38735378260671;235.3878460403531;3.5120520988348325;-12.366544315933599;23.2265032014213;-11.957881154874439;FUSION_WORLD_GEOMETRY_EXACT_SPLINE_SAMPLE
158;1.0;235.66297747579196;58.74590224842983;236.58188700067348;2.889580249786638;-12.597590975553782;23.243418927001038;-12.267598498823443;FUSION_WORLD_GEOMETRY_EXACT_SPLINE_SAMPLE
